album_id,track_id,track_number
1,407,1
1,350,2
1,332,3
1,289,4
1,73,5
2,370,1
2,497,2
2,370,3
2,427,4
2,67,5
2,55,6
2,45,7
3,229,1
3,374,2
3,148,3
3,325,4
3,95,5
3,157,6
3,60,7
4,149,1
4,458,2
4,51,3
4,432,4
4,302,5
4,475,6
4,372,7
5,49,1
5,363,2
5,352,3
5,83,4
5,40,5
5,140,6
5,314,7
5,297,8
6,148,1
6,499,2
6,493,3
6,476,4
6,12,5
6,498,6
6,137,7
6,413,8
6,225,9
6,48,10
6,248,11
6,416,12
7,119,1
7,105,2
7,221,3
7,330,4
7,152,5
7,354,6
7,332,7
7,328,8
7,45,9
7,457,10
8,73,1
8,399,2
8,345,3
8,378,4
8,173,5
8,111,6
9,158,1
9,482,2
9,277,3
9,492,4
9,48,5
9,382,6
9,5,7
9,490,8
9,179,9
9,154,10
9,158,11
9,107,12
9,134,13
10,236,1
10,186,2
10,392,3
10,419,4
10,344,5
11,400,1
11,83,2
11,356,3
11,185,4
11,100,5
11,352,6
11,267,7
11,167,8
11,219,9
11,296,10
12,6,1
12,42,2
12,252,3
12,267,4
12,404,5
12,46,6
12,121,7
12,388,8
12,165,9
12,386,10
12,298,11
12,358,12
13,387,1
13,206,2
13,321,3
13,300,4
13,257,5
13,462,6
13,273,7
13,316,8
13,450,9
14,5,1
14,346,2
14,322,3
14,95,4
14,209,5
14,200,6
14,278,7
15,149,1
15,142,2
15,215,3
15,302,4
15,449,5
16,232,1
16,96,2
16,478,3
16,465,4
16,80,5
16,40,6
16,377,7
16,116,8
16,478,9
17,495,1
17,230,2
17,356,3
17,204,4
17,463,5
17,165,6
18,91,1
18,147,2
18,219,3
18,364,4
18,45,5
18,8,6
18,308,7
18,169,8
18,306,9
19,479,1
19,34,2
19,333,3
19,384,4
19,280,5
19,499,6
19,307,7
19,387,8
19,68,9
19,336,10
20,174,1
20,58,2
20,322,3
20,13,4
20,493,5
20,15,6
21,210,1
21,381,2
21,146,3
21,493,4
21,69,5
21,396,6
21,492,7
21,74,8
21,218,9
21,404,10
21,131,11
21,132,12
21,34,13
22,97,1
22,444,2
22,431,3
22,334,4
22,346,5
22,28,6
22,17,7
22,445,8
22,175,9
22,216,10
22,497,11
23,36,1
23,62,2
23,409,3
23,445,4
23,245,5
23,86,6
23,188,7
24,213,1
24,172,2
24,387,3
24,426,4
24,389,5
24,96,6
24,408,7
24,412,8
24,415,9
24,322,10
24,83,11
24,45,12
24,114,13
24,250,14
25,277,1
25,483,2
25,225,3
25,423,4
25,428,5
25,96,6
25,136,7
25,278,8
25,40,9
25,354,10
25,264,11
25,128,12
26,150,1
26,144,2
26,408,3
26,420,4
26,362,5
26,326,6
26,389,7
26,195,8
27,301,1
27,239,2
27,308,3
27,214,4
27,486,5
27,330,6
27,137,7
28,199,1
28,67,2
28,438,3
28,25,4
28,344,5
28,414,6
28,52,7
28,483,8
28,57,9
28,37,10
28,112,11
28,51,12
28,102,13
29,31,1
29,153,2
29,396,3
29,205,4
29,206,5
29,50,6
29,375,7
29,114,8
29,272,9
29,408,10
30,81,1
30,379,2
30,446,3
30,58,4
30,217,5
30,277,6
30,408,7
30,285,8
30,327,9
30,105,10
31,286,1
31,197,2
31,251,3
31,157,4
31,356,5
31,167,6
32,448,1
32,446,2
32,469,3
32,421,4
32,382,5
32,48,6
32,322,7
32,440,8
32,446,9
32,345,10
32,35,11
32,387,12
32,400,13
32,17,14
33,144,1
33,45,2
33,352,3
33,72,4
33,153,5
33,66,6
34,461,1
34,340,2
34,286,3
34,270,4
34,278,5
35,13,1
35,376,2
35,183,3
35,76,4
35,393,5
35,500,6
35,299,7
35,160,8
35,500,9
36,16,1
36,295,2
36,483,3
36,448,4
36,5,5
36,84,6
36,77,7
36,263,8
37,140,1
37,312,2
37,195,3
37,375,4
37,62,5
37,495,6
37,84,7
37,430,8
37,336,9
37,158,10
37,230,11
37,132,12
38,100,1
38,256,2
38,440,3
38,147,4
38,112,5
38,166,6
38,103,7
38,298,8
38,363,9
39,315,1
39,196,2
39,444,3
39,263,4
39,70,5
39,472,6
39,441,7
39,136,8
39,198,9
39,410,10
39,162,11
39,274,12
39,50,13
39,310,14
40,474,1
40,441,2
40,10,3
40,361,4
40,348,5
40,469,6
40,292,7
40,422,8
40,184,9
40,445,10
40,68,11
40,456,12
40,368,13
41,22,1
41,62,2
41,364,3
41,428,4
41,166,5
41,199,6
41,58,7
41,469,8
41,186,9
41,181,10
41,445,11
41,386,12
41,205,13
41,74,14
42,192,1
42,230,2
42,136,3
42,443,4
42,431,5
43,125,1
43,380,2
43,141,3
43,353,4
43,319,5
43,44,6
43,80,7
44,373,1
44,459,2
44,191,3
44,362,4
44,397,5
44,99,6
44,194,7
44,70,8
44,137,9
45,209,1
45,403,2
45,315,3
45,195,4
45,50,5
46,357,1
46,442,2
46,2,3
46,33,4
46,45,5
46,62,6
46,314,7
47,465,1
47,305,2
47,71,3
47,371,4
47,343,5
47,473,6
47,436,7
47,201,8
47,335,9
47,92,10
47,263,11
47,344,12
48,264,1
48,72,2
48,125,3
48,143,4
48,243,5
48,492,6
48,434,7
48,487,8
49,124,1
49,192,2
49,386,3
49,177,4
49,333,5
49,426,6
49,420,7
49,95,8
49,313,9
49,303,10
49,362,11
49,183,12
50,21,1
50,458,2
50,429,3
50,389,4
50,116,5
50,26,6
50,422,7
50,374,8
51,405,1
51,205,2
51,281,3
51,462,4
51,192,5
51,412,6
51,36,7
51,288,8
52,340,1
52,486,2
52,173,3
52,354,4
52,322,5
52,399,6
53,143,1
53,72,2
53,365,3
53,255,4
53,450,5
53,292,6
53,95,7
53,372,8
53,198,9
54,205,1
54,369,2
54,154,3
54,312,4
54,303,5
54,295,6
54,119,7
54,498,8
54,237,9
54,21,10
54,85,11
54,110,12
54,186,13
55,331,1
55,73,2
55,488,3
55,230,4
55,9,5
55,172,6
55,426,7
55,402,8
55,476,9
55,328,10
55,39,11
56,4,1
56,367,2
56,65,3
56,417,4
56,412,5
56,211,6
56,1,7
57,165,1
57,404,2
57,150,3
57,455,4
57,66,5
57,455,6
57,213,7
57,412,8
58,296,1
58,112,2
58,215,3
58,478,4
58,186,5
58,54,6
58,431,7
58,332,8
59,376,1
59,397,2
59,80,3
59,357,4
59,487,5
59,418,6
60,218,1
60,15,2
60,429,3
60,94,4
60,99,5
60,222,6
60,35,7
60,30,8
60,455,9
60,115,10
60,312,11
60,246,12
60,34,13
61,389,1
61,415,2
61,427,3
61,476,4
61,196,5
61,22,6
61,99,7
62,394,1
62,17,2
62,107,3
62,419,4
62,389,5
62,232,6
62,153,7
62,492,8
62,413,9
62,196,10
62,419,11
62,448,12
63,388,1
63,72,2
63,305,3
63,289,4
63,397,5
63,306,6
63,224,7
63,48,8
63,252,9
63,366,10
63,399,11
63,363,12
63,24,13
63,194,14
64,406,1
64,303,2
64,280,3
64,410,4
64,386,5
64,287,6
65,382,1
65,407,2
65,76,3
65,277,4
65,492,5
65,137,6
65,367,7
65,18,8
65,199,9
65,411,10
65,368,11
65,372,12
65,454,13
65,118,14
66,462,1
66,153,2
66,267,3
66,34,4
66,488,5
66,140,6
66,82,7
66,494,8
66,190,9
67,349,1
67,154,2
67,102,3
67,110,4
67,223,5
67,186,6
67,416,7
68,66,1
68,346,2
68,479,3
68,316,4
68,26,5
69,402,1
69,263,2
69,225,3
69,151,4
69,352,5
69,349,6
69,264,7
69,78,8
69,3,9
70,477,1
70,155,2
70,415,3
70,16,4
70,134,5
70,331,6
70,38,7
70,369,8
70,393,9
70,258,10
70,273,11
70,231,12
70,200,13
70,472,14
71,474,1
71,433,2
71,242,3
71,28,4
71,301,5
71,430,6
71,219,7
71,342,8
71,322,9
71,321,10
71,271,11
72,186,1
72,356,2
72,39,3
72,202,4
72,279,5
72,282,6
73,22,1
73,40,2
73,467,3
73,2,4
73,419,5
73,343,6
73,288,7
73,180,8
73,500,9
73,421,10
73,376,11
73,408,12
73,292,13
74,149,1
74,346,2
74,8,3
74,51,4
74,129,5
74,446,6
74,200,7
74,389,8
74,435,9
75,491,1
75,205,2
75,136,3
75,328,4
75,112,5
75,174,6
75,278,7
75,328,8
75,213,9
75,187,10
75,376,11
75,153,12
76,97,1
76,137,2
76,271,3
76,109,4
76,393,5
76,314,6
76,338,7
76,499,8
76,60,9
76,144,10
76,325,11
76,4,12
76,440,13
77,141,1
77,190,2
77,472,3
77,277,4
77,496,5
77,30,6
77,72,7
77,167,8
78,228,1
78,228,2
78,395,3
78,46,4
78,411,5
78,321,6
78,433,7
78,50,8
78,275,9
78,398,10
79,218,1
79,197,2
79,22,3
79,497,4
79,18,5
79,428,6
79,480,7
80,187,1
80,212,2
80,57,3
80,366,4
80,241,5
80,146,6
80,182,7
80,278,8
80,97,9
81,76,1
81,292,2
81,14,3
81,198,4
81,111,5
81,371,6
81,437,7
81,336,8
81,349,9
81,347,10
82,419,1
82,453,2
82,122,3
82,387,4
82,44,5
82,31,6
82,198,7
82,476,8
82,227,9
83,280,1
83,481,2
83,80,3
83,296,4
83,29,5
83,116,6
83,107,7
83,247,8
83,187,9
83,389,10
83,490,11
83,7,12
84,14,1
84,322,2
84,295,3
84,481,4
84,43,5
84,478,6
84,144,7
84,148,8
84,335,9
84,281,10
84,85,11
84,331,12
84,192,13
85,176,1
85,372,2
85,389,3
85,358,4
85,233,5
85,384,6
85,433,7
85,185,8
85,386,9
85,243,10
85,303,11
85,73,12
85,468,13
85,487,14
86,138,1
86,479,2
86,92,3
86,447,4
86,453,5
87,27,1
87,305,2
87,107,3
87,420,4
87,367,5
87,131,6
88,265,1
88,485,2
88,295,3
88,385,4
88,193,5
89,457,1
89,231,2
89,465,3
89,464,4
89,428,5
89,79,6
89,315,7
89,111,8
90,371,1
90,392,2
90,3,3
90,144,4
90,422,5
90,41,6
90,305,7
90,340,8
90,308,9
90,172,10
90,486,11
90,381,12
91,279,1
91,408,2
91,218,3
91,369,4
91,179,5
91,105,6
91,484,7
91,8,8
91,473,9
91,419,10
91,253,11
91,385,12
92,327,1
92,53,2
92,417,3
92,432,4
92,160,5
92,336,6
92,377,7
92,279,8
92,306,9
92,137,10
92,348,11
92,4,12
93,174,1
93,267,2
93,466,3
93,375,4
93,269,5
93,233,6
94,459,1
94,453,2
94,408,3
94,131,4
94,125,5
94,234,6
94,256,7
94,331,8
94,466,9
94,163,10
94,252,11
94,90,12
94,78,13
95,229,1
95,156,2
95,135,3
95,499,4
95,115,5
95,16,6
95,370,7
95,29,8
95,118,9
95,409,10
95,89,11
95,299,12
96,89,1
96,339,2
96,142,3
96,12,4
96,147,5
96,25,6
96,200,7
96,498,8
96,345,9
96,282,10
97,483,1
97,160,2
97,360,3
97,288,4
97,90,5
97,496,6
97,12,7
97,277,8
97,295,9
97,139,10
97,381,11
97,370,12
97,312,13
98,230,1
98,281,2
98,73,3
98,116,4
98,87,5
98,59,6
98,445,7
98,334,8
99,164,1
99,478,2
99,305,3
99,105,4
99,337,5
99,10,6
99,498,7
99,55,8
99,490,9
99,382,10
100,173,1
100,387,2
100,57,3
100,444,4
100,308,5
100,307,6
100,343,7
101,473,1
101,55,2
101,351,3
101,465,4
101,496,5
101,198,6
101,314,7
101,335,8
101,451,9
101,325,10
101,89,11
102,71,1
102,386,2
102,485,3
102,263,4
102,422,5
102,446,6
102,377,7
102,288,8
102,238,9
103,208,1
103,13,2
103,398,3
103,141,4
103,383,5
103,5,6
103,364,7
103,457,8
103,297,9
104,127,1
104,59,2
104,205,3
104,298,4
104,241,5
104,433,6
104,64,7
105,17,1
105,94,2
105,58,3
105,378,4
105,307,5
105,269,6
105,20,7
105,333,8
105,488,9
105,319,10
105,355,11
105,316,12
105,77,13
106,234,1
106,419,2
106,79,3
106,157,4
106,75,5
106,11,6
106,82,7
106,191,8
107,258,1
107,3,2
107,210,3
107,494,4
107,461,5
107,135,6
107,482,7
107,27,8
107,390,9
107,221,10
107,304,11
107,200,12
107,463,13
108,368,1
108,123,2
108,158,3
108,409,4
108,337,5
109,21,1
109,435,2
109,500,3
109,281,4
109,254,5
109,230,6
109,65,7
109,165,8
109,351,9
109,205,10
110,232,1
110,12,2
110,262,3
110,398,4
110,176,5
111,205,1
111,153,2
111,496,3
111,322,4
111,113,5
111,177,6
111,468,7
111,437,8
112,305,1
112,436,2
112,373,3
112,5,4
112,8,5
112,6,6
112,94,7
112,339,8
112,15,9
112,164,10
112,250,11
112,139,12
113,104,1
113,87,2
113,100,3
113,343,4
113,105,5
114,193,1
114,149,2
114,57,3
114,159,4
114,465,5
114,171,6
114,162,7
114,327,8
115,141,1
115,141,2
115,441,3
115,123,4
115,324,5
115,307,6
115,290,7
115,186,8
116,151,1
116,452,2
116,464,3
116,420,4
116,105,5
116,53,6
116,86,7
117,217,1
117,377,2
117,39,3
117,344,4
117,181,5
117,384,6
117,408,7
118,214,1
118,303,2
118,37,3
118,291,4
118,284,5
118,119,6
118,150,7
118,125,8
118,449,9
118,212,10
119,417,1
119,441,2
119,78,3
119,383,4
119,126,5
119,382,6
120,398,1
120,316,2
120,483,3
120,94,4
120,322,5
120,378,6
120,491,7
120,117,8
120,136,9
120,164,10
121,330,1
121,212,2
121,299,3
121,225,4
121,175,5
121,133,6
121,355,7
121,488,8
121,97,9
121,352,10
121,421,11
122,296,1
122,108,2
122,66,3
122,230,4
122,255,5
122,384,6
123,34,1
123,5,2
123,165,3
123,340,4
123,318,5
123,245,6
123,470,7
123,350,8
123,467,9
123,481,10
123,124,11
123,219,12
124,486,1
124,432,2
124,381,3
124,259,4
124,207,5
124,275,6
124,432,7
124,179,8
124,4,9
124,136,10
125,200,1
125,130,2
125,374,3
125,137,4
125,26,5
125,381,6
125,73,7
125,15,8
126,346,1
126,399,2
126,360,3
126,379,4
126,193,5
127,128,1
127,184,2
127,248,3
127,356,4
127,498,5
127,233,6
127,379,7
127,47,8
127,212,9
127,409,10
128,469,1
128,285,2
128,406,3
128,250,4
128,395,5
128,63,6
128,170,7
129,169,1
129,31,2
129,440,3
129,49,4
129,360,5
129,286,6
129,493,7
129,403,8
129,496,9
129,11,10
129,428,11
129,311,12
129,273,13
130,97,1
130,216,2
130,378,3
130,83,4
130,81,5
130,69,6
130,451,7
131,155,1
131,286,2
131,335,3
131,404,4
131,348,5
131,415,6
131,110,7
131,53,8
131,246,9
132,378,1
132,120,2
132,339,3
132,20,4
132,225,5
132,439,6
132,75,7
132,26,8
132,27,9
133,115,1
133,9,2
133,43,3
133,47,4
133,181,5
133,54,6
133,109,7
133,296,8
133,341,9
134,441,1
134,128,2
134,70,3
134,343,4
134,32,5
134,336,6
134,164,7
134,120,8
134,142,9
134,150,10
134,422,11
134,363,12
134,228,13
134,203,14
135,303,1
135,351,2
135,330,3
135,201,4
135,430,5
135,65,6
135,47,7
135,354,8
135,415,9
135,416,10
135,84,11
135,244,12
136,30,1
136,224,2
136,297,3
136,234,4
136,227,5
136,47,6
136,358,7
136,262,8
136,419,9
137,82,1
137,194,2
137,204,3
137,129,4
137,252,5
137,328,6
137,322,7
137,73,8
137,411,9
137,63,10
138,62,1
138,367,2
138,228,3
138,114,4
138,279,5
138,70,6
138,271,7
138,229,8
138,232,9
138,278,10
138,141,11
138,224,12
138,311,13
139,229,1
139,71,2
139,93,3
139,57,4
139,398,5
139,427,6
139,131,7
139,334,8
139,38,9
139,453,10
140,63,1
140,234,2
140,360,3
140,134,4
140,219,5
141,55,1
141,389,2
141,79,3
141,392,4
141,341,5
141,435,6
141,132,7
141,429,8
141,170,9
141,493,10
141,119,11
141,429,12
141,241,13
141,356,14
142,14,1
142,346,2
142,469,3
142,485,4
142,399,5
142,126,6
143,148,1
143,378,2
143,371,3
143,485,4
143,445,5
143,297,6
143,363,7
143,378,8
143,59,9
143,287,10
143,136,11
144,105,1
144,269,2
144,8,3
144,423,4
144,256,5
144,311,6
144,31,7
144,211,8
145,123,1
145,141,2
145,222,3
145,198,4
145,348,5
145,299,6
145,254,7
145,207,8
145,129,9
145,291,10
146,393,1
146,88,2
146,93,3
146,368,4
146,477,5
146,39,6
146,279,7
146,408,8
147,70,1
147,142,2
147,366,3
147,42,4
147,500,5
147,463,6
147,198,7
147,252,8
147,117,9
147,295,10
148,162,1
148,50,2
148,249,3
148,164,4
148,424,5
148,86,6
148,455,7
148,412,8
148,6,9
148,289,10
149,165,1
149,35,2
149,192,3
149,82,4
149,450,5
149,256,6
149,340,7
149,105,8
149,120,9
149,441,10
149,239,11
149,149,12
150,58,1
150,442,2
150,124,3
150,108,4
150,165,5
150,432,6
150,474,7
150,76,8
150,6,9
150,500,10
150,308,11
150,311,12
151,145,1
151,66,2
151,209,3
151,170,4
151,434,5
151,325,6
151,461,7
151,49,8
151,296,9
151,113,10
151,151,11
151,461,12
151,292,13
152,280,1
152,202,2
152,332,3
152,28,4
152,419,5
152,156,6
152,16,7
152,212,8
153,38,1
153,63,2
153,362,3
153,239,4
153,56,5
153,80,6
153,403,7
154,482,1
154,240,2
154,321,3
154,70,4
154,125,5
154,356,6
154,31,7
154,387,8
155,1,1
155,460,2
155,371,3
155,175,4
155,497,5
155,242,6
155,491,7
155,235,8
155,429,9
155,471,10
155,10,11
155,290,12
156,466,1
156,500,2
156,3,3
156,397,4
156,128,5
156,444,6
157,445,1
157,393,2
157,14,3
157,221,4
157,152,5
157,161,6
157,89,7
157,277,8
157,297,9
157,376,10
158,177,1
158,256,2
158,444,3
158,170,4
158,300,5
158,354,6
158,341,7
158,425,8
158,66,9
158,99,10
159,14,1
159,96,2
159,51,3
159,321,4
159,151,5
159,228,6
159,118,7
159,460,8
159,56,9
159,248,10
159,219,11
159,145,12
159,58,13
160,157,1
160,334,2
160,125,3
160,31,4
160,355,5
160,184,6
161,166,1
161,340,2
161,297,3
161,175,4
161,34,5
161,231,6
161,27,7
161,47,8
162,410,1
162,14,2
162,56,3
162,97,4
162,455,5
162,261,6
162,88,7
162,417,8
162,452,9
162,459,10
162,194,11
162,467,12
162,460,13
163,187,1
163,57,2
163,7,3
163,210,4
163,437,5
164,61,1
164,163,2
164,268,3
164,312,4
164,265,5
164,143,6
164,109,7
164,168,8
164,165,9
164,224,10
164,457,11
165,341,1
165,127,2
165,474,3
165,112,4
165,150,5
166,495,1
166,41,2
166,426,3
166,457,4
166,36,5
166,101,6
166,298,7
166,264,8
166,487,9
166,372,10
166,303,11
166,248,12
166,81,13
167,303,1
167,300,2
167,82,3
167,420,4
167,405,5
167,397,6
167,89,7
167,452,8
168,322,1
168,237,2
168,143,3
168,398,4
168,127,5
168,357,6
169,342,1
169,120,2
169,229,3
169,475,4
169,452,5
169,109,6
169,474,7
169,112,8
169,44,9
169,7,10
170,489,1
170,104,2
170,266,3
170,302,4
170,481,5
170,220,6
170,93,7
170,322,8
170,402,9
170,441,10
170,349,11
170,29,12
170,152,13
170,35,14
171,94,1
171,95,2
171,68,3
171,298,4
171,405,5
171,372,6
171,459,7
171,465,8
171,274,9
171,245,10
171,14,11
171,399,12
171,445,13
171,160,14
172,82,1
172,311,2
172,118,3
172,304,4
172,103,5
172,26,6
172,26,7
172,227,8
172,394,9
172,321,10
172,451,11
172,385,12
172,330,13
173,479,1
173,266,2
173,72,3
173,19,4
173,470,5
173,264,6
173,289,7
173,72,8
173,213,9
173,226,10
173,355,11
174,374,1
174,448,2
174,8,3
174,68,4
174,301,5
174,424,6
174,479,7
174,199,8
175,143,1
175,471,2
175,211,3
175,460,4
175,173,5
175,82,6
175,403,7
175,395,8
175,207,9
175,104,10
176,200,1
176,81,2
176,291,3
176,324,4
176,385,5
176,364,6
177,25,1
177,206,2
177,499,3
177,154,4
177,188,5
177,64,6
177,52,7
177,324,8
177,324,9
177,273,10
177,38,11
177,281,12
177,249,13
177,46,14
178,294,1
178,88,2
178,136,3
178,374,4
178,413,5
178,117,6
178,1,7
179,481,1
179,45,2
179,449,3
179,323,4
179,325,5
179,67,6
179,480,7
180,127,1
180,408,2
180,256,3
180,354,4
180,211,5
180,432,6
180,168,7
180,47,8
180,379,9
180,57,10
180,134,11
180,359,12
181,293,1
181,135,2
181,394,3
181,243,4
181,28,5
181,164,6
181,225,7
181,250,8
181,116,9
181,410,10
181,406,11
181,312,12
181,131,13
182,409,1
182,295,2
182,130,3
182,464,4
182,157,5
182,75,6
182,287,7
182,296,8
182,255,9
183,379,1
183,329,2
183,77,3
183,116,4
183,408,5
183,129,6
183,381,7
183,316,8
183,485,9
183,336,10
183,406,11
183,180,12
184,429,1
184,245,2
184,63,3
184,82,4
184,463,5
184,309,6
184,131,7
184,296,8
185,375,1
185,202,2
185,197,3
185,439,4
185,43,5
185,156,6
185,79,7
185,33,8
185,346,9
185,361,10
185,338,11
185,220,12
186,377,1
186,324,2
186,126,3
186,424,4
186,88,5
186,289,6
186,209,7
186,372,8
186,427,9
186,419,10
187,245,1
187,379,2
187,225,3
187,60,4
187,353,5
187,9,6
187,368,7
187,403,8
187,101,9
187,329,10
187,321,11
187,22,12
187,361,13
187,161,14
188,90,1
188,110,2
188,137,3
188,360,4
188,23,5
188,39,6
188,362,7
188,47,8
188,327,9
188,343,10
188,72,11
188,463,12
188,112,13
188,253,14
189,75,1
189,285,2
189,191,3
189,107,4
189,412,5
189,426,6
189,23,7
190,486,1
190,417,2
190,150,3
190,266,4
190,161,5
190,133,6
191,393,1
191,118,2
191,460,3
191,284,4
191,293,5
191,44,6
191,221,7
191,420,8
191,15,9
191,321,10
191,431,11
191,106,12
191,246,13
192,474,1
192,411,2
192,391,3
192,359,4
192,51,5
192,285,6
192,80,7
192,17,8
192,421,9
193,475,1
193,123,2
193,13,3
193,192,4
193,481,5
193,218,6
193,272,7
193,377,8
194,36,1
194,353,2
194,43,3
194,79,4
194,405,5
194,290,6
194,331,7
194,175,8
194,124,9
194,30,10
194,488,11
195,393,1
195,430,2
195,488,3
195,63,4
195,60,5
195,77,6
196,325,1
196,188,2
196,10,3
196,454,4
196,122,5
196,499,6
196,187,7
196,265,8
196,323,9
196,138,10
196,90,11
196,389,12
196,160,13
197,257,1
197,402,2
197,155,3
197,2,4
197,10,5
197,427,6
197,498,7
197,307,8
197,144,9
197,361,10
197,161,11
197,374,12
197,159,13
197,233,14
198,405,1
198,312,2
198,133,3
198,368,4
198,400,5
198,109,6
198,319,7
199,35,1
199,225,2
199,350,3
199,455,4
199,96,5
199,342,6
199,78,7
199,218,8
199,426,9
199,4,10
199,48,11
199,94,12
199,444,13
200,362,1
200,36,2
200,87,3
200,210,4
200,120,5
200,223,6
200,217,7
