user_id,track_id,play_count
user_1,96,69
user_1,184,67
user_1,463,47
user_1,14,10
user_1,215,13
user_1,85,25
user_1,98,84
user_2,144,76
user_2,379,42
user_2,258,55
user_2,82,16
user_2,159,15
user_2,20,58
user_2,62,16
user_2,22,42
user_3,346,38
user_3,248,58
user_3,308,73
user_3,53,29
user_3,259,75
user_3,127,39
user_3,116,23
user_4,75,34
user_4,257,33
user_4,191,99
user_4,281,18
user_4,112,21
user_4,357,55
user_5,325,37
user_5,51,74
user_5,253,1
user_5,132,12
user_6,279,38
user_6,283,64
user_6,297,11
user_6,199,43
user_6,311,32
user_7,313,16
user_7,431,74
user_7,482,27
user_8,98,9
user_8,453,4
user_8,334,5
user_8,86,63
user_8,460,26
user_8,115,36
user_8,387,16
user_8,86,28
user_9,152,1
user_9,39,55
user_9,184,29
user_9,204,88
user_9,70,82
user_9,344,12
user_10,251,1
user_10,15,90
user_10,166,70
user_10,13,8
user_10,452,36
user_10,319,24
user_10,323,50
user_10,493,40
user_10,498,19
user_11,261,56
user_11,432,70
user_11,81,65
user_11,478,32
user_11,148,20
user_11,376,19
user_12,270,53
user_13,420,89
user_14,303,46
user_14,63,30
user_14,342,24
user_14,15,74
user_14,224,68
user_14,399,68
user_15,245,21
user_15,492,61
user_15,442,34
user_15,162,19
user_15,290,39
user_16,132,63
user_16,113,1
user_16,43,9
user_16,410,96
user_16,212,37
user_16,441,70
user_16,8,98
user_16,105,10
user_16,211,24
user_17,32,61
user_17,35,54
user_17,454,63
user_17,482,55
user_17,336,53
user_17,161,13
user_18,289,5
user_19,91,60
user_19,343,69
user_19,279,74
user_19,153,83
user_19,463,68
user_19,145,39
user_19,184,26
user_19,146,3
user_19,329,64
user_20,420,27
user_20,167,22
user_21,259,94
user_21,251,75
user_21,230,7
user_21,169,46
user_21,2,85
user_21,368,35
user_21,210,12
user_22,212,31
user_22,342,55
user_22,421,23
user_22,441,90
user_23,200,19
user_23,168,76
user_23,60,88
user_23,440,34
user_23,172,39
user_24,117,44
user_24,274,39
user_25,275,22
user_25,181,47
user_25,118,72
user_25,458,34
user_25,459,3
user_25,341,58
user_26,162,94
user_26,469,41
user_26,175,37
user_26,158,28
user_27,334,7
user_27,433,78
user_27,32,28
user_27,87,94
user_27,173,89
user_27,304,27
user_27,43,12
user_27,337,12
user_28,163,35
user_29,123,3
user_29,102,51
user_29,495,59
user_29,377,88
user_29,249,69
user_29,397,95
user_30,233,65
user_30,289,57
user_30,203,28
user_30,261,93
user_30,187,11
user_31,17,42
user_31,233,59
user_31,46,92
user_31,279,61
user_31,412,59
user_31,463,1
user_31,266,39
user_31,230,97
user_31,489,77
user_32,476,21
user_32,462,13
user_32,165,46
user_32,407,74
user_32,343,11
user_33,488,27
user_34,280,91
user_34,82,37
user_34,315,87
user_34,312,97
user_35,451,99
user_35,399,46
user_35,190,86
user_35,247,20
user_35,293,72
user_35,268,78
user_35,459,73
user_36,1,57
user_36,323,77
user_36,433,18
user_36,410,6
user_36,215,62
user_36,418,74
user_36,444,14
user_37,430,52
user_37,65,91
user_37,442,34
user_37,150,47
user_37,477,35
user_37,112,12
user_38,425,96
user_38,174,61
user_38,495,82
user_39,307,38
user_39,388,27
user_40,182,39
user_40,368,43
user_40,30,54
user_41,363,91
user_41,21,99
user_41,202,76
user_41,447,40
user_41,439,39
user_41,345,83
user_41,100,29
user_41,62,61
user_41,420,87
user_42,312,88
user_42,168,35
user_42,54,75
user_42,1,73
user_42,469,32
user_43,335,11
user_43,201,74
user_43,198,29
user_43,124,5
user_43,372,1
user_43,333,63
user_43,389,20
user_43,252,95
user_43,345,32
user_44,254,94
user_44,298,45
user_44,95,52
user_44,458,21
user_44,485,33
user_44,461,35
user_44,265,29
user_45,225,65
user_45,176,60
user_45,385,80
user_45,141,82
user_45,202,89
user_45,277,37
user_45,271,26
user_45,196,90
user_46,293,87
user_46,399,31
user_46,364,36
user_47,283,65
user_47,86,69
user_47,84,50
user_47,333,69
user_47,414,9
user_47,38,35
user_47,352,86
user_48,228,26
user_49,276,54
user_49,488,72
user_49,258,70
user_50,464,79
user_50,62,10
user_51,278,37
user_51,141,60
user_51,93,85
user_51,342,76
user_51,360,85
user_52,417,20
user_52,61,77
user_52,430,36
user_52,285,75
user_52,68,6
user_52,80,97
user_53,128,84
user_53,61,70
user_53,414,85
user_53,356,6
user_53,189,58
user_53,385,50
user_53,170,70
user_54,87,29
user_54,492,88
user_54,191,4
user_54,151,22
user_54,370,29
user_54,11,72
user_54,314,67
user_55,358,61
user_55,258,57
user_55,52,79
user_55,438,67
user_55,305,88
user_55,26,42
user_55,55,54
user_55,398,16
user_55,262,42
user_56,496,68
user_56,235,83
user_57,109,56
user_57,47,2
user_57,388,84
user_57,294,61
user_57,423,71
user_57,134,51
user_57,470,23
user_57,393,46
user_58,374,10
user_58,120,57
user_58,47,6
user_58,208,6
user_58,78,15
user_58,459,57
user_58,367,68
user_59,384,48
user_59,209,86
user_59,382,80
user_59,391,16
user_59,57,46
user_59,268,86
user_59,221,33
user_59,184,20
user_59,428,59
user_60,487,44
user_60,229,41
user_60,397,36
user_60,180,5
user_60,295,97
user_60,470,40
user_61,78,29
user_61,451,58
user_62,441,61
user_62,316,98
user_62,224,55
user_62,181,7
user_62,491,86
user_62,60,55
user_62,100,70
user_63,309,94
user_64,119,60
user_64,267,77
user_64,80,60
user_64,361,72
user_65,258,81
user_65,196,6
user_65,451,24
user_65,277,19
user_65,434,37
user_65,345,86
user_65,372,96
user_66,368,26
user_66,264,47
user_66,151,59
user_66,289,99
user_66,492,64
user_66,131,59
user_66,143,83
user_66,116,57
user_67,242,64
user_68,206,94
user_68,292,53
user_68,302,19
user_68,165,29
user_68,171,65
user_69,81,87
user_70,475,76
user_70,227,88
user_70,322,80
user_70,490,16
user_71,84,6
user_71,399,88
user_71,366,95
user_71,83,45
user_71,175,45
user_71,33,84
user_71,234,28
user_72,294,18
user_72,460,20
user_72,123,51
user_72,419,39
user_72,151,50
user_72,385,33
user_72,211,45
user_72,445,1
user_72,349,19
user_73,224,51
user_73,31,30
user_73,60,80
user_73,101,6
user_73,226,27
user_73,104,72
user_74,354,74
user_74,405,92
user_74,348,33
user_74,105,82
user_74,130,28
user_74,414,73
user_74,419,71
user_75,466,18
user_75,250,59
user_75,311,43
user_75,98,60
user_75,469,97
user_75,464,95
user_76,137,70
user_76,396,44
user_76,282,41
user_76,311,85
user_76,109,18
user_77,175,74
user_77,52,39
user_77,189,87
user_77,285,41
user_78,358,85
user_78,229,24
user_78,439,31
user_78,158,82
user_78,106,58
user_78,421,26
user_79,210,35
user_79,218,5
user_79,325,70
user_79,362,57
user_79,113,3
user_79,425,85
user_80,327,73
user_80,187,8
user_80,160,48
user_80,323,17
user_80,112,88
user_80,181,63
user_81,372,13
user_81,128,78
user_81,371,65
user_81,481,4
user_81,346,25
user_81,456,22
user_81,459,21
user_81,226,24
user_82,426,40
user_82,227,33
user_82,78,35
user_82,386,25
user_82,363,6
user_83,97,40
user_83,261,26
user_84,272,94
user_84,161,91
user_84,357,30
user_84,446,85
user_84,113,84
user_84,476,5
user_84,266,46
user_84,493,61
user_85,49,17
user_85,355,17
user_85,150,28
user_85,15,26
user_85,105,33
user_86,113,72
user_86,205,19
user_86,237,43
user_86,73,59
user_86,366,58
user_86,144,13
user_86,335,83
user_86,16,58
user_86,158,61
user_87,241,39
user_87,86,3
user_87,322,65
user_87,487,81
user_87,354,77
user_87,81,50
user_88,331,70
user_88,388,20
user_88,32,81
user_88,467,21
user_89,448,14
user_89,24,48
user_89,184,34
user_89,442,99
user_89,19,5
user_89,139,5
user_90,176,76
user_90,392,50
user_91,293,41
user_91,129,80
user_91,458,2
user_91,243,41
user_91,83,22
user_91,442,53
user_91,367,66
user_91,220,85
user_91,262,68
user_92,109,34
user_92,488,17
user_92,78,3
user_92,251,48
user_92,424,48
user_93,290,15
user_93,184,18
user_93,56,16
user_93,440,4
user_93,123,36
user_93,149,43
user_93,103,26
user_94,36,11
user_94,87,97
user_94,386,19
user_94,472,88
user_94,221,74
user_94,416,27
user_95,113,65
user_95,405,22
user_95,364,23
user_95,322,41
user_95,358,17
user_95,33,28
user_95,460,62
user_95,423,80
user_96,490,48
user_96,372,86
user_96,28,3
user_96,253,13
user_96,88,60
user_97,140,42
user_97,471,20
user_97,107,55
user_97,125,89
user_97,491,46
user_97,296,87
user_98,100,19
user_98,100,66
user_99,107,99
user_99,500,77
user_99,62,59
user_99,143,77
user_99,494,31
user_99,156,17
user_99,99,53
user_99,63,83
user_100,267,23
user_101,54,19
user_101,240,38
user_101,335,9
user_101,197,74
user_102,398,88
user_102,31,29
user_102,291,3
user_102,155,25
user_102,167,93
user_102,183,41
user_102,188,13
user_103,56,22
user_103,256,73
user_103,172,41
user_103,392,8
user_103,120,52
user_103,183,17
user_103,305,21
user_103,220,16
user_103,27,78
user_104,471,10
user_104,97,1
user_104,389,26
user_104,314,55
user_104,250,66
user_104,87,15
user_104,29,90
user_105,176,16
user_105,59,12
user_106,2,1
user_106,108,24
user_106,348,97
user_107,193,3
user_107,496,45
user_108,206,78
user_108,416,96
user_108,255,13
user_108,485,12
user_109,376,30
user_109,457,34
user_109,300,4
user_110,15,32
user_110,173,51
user_110,39,13
user_110,429,99
user_111,256,35
user_112,425,19
user_112,151,80
user_112,43,42
user_112,178,93
user_112,143,33
user_112,356,44
user_112,381,96
user_113,44,28
user_113,227,43
user_113,53,77
user_113,403,33
user_113,137,32
user_113,5,12
user_113,188,79
user_114,138,14
user_114,241,47
user_114,349,35
user_114,39,7
user_115,62,61
user_115,73,28
user_115,340,66
user_115,17,42
user_116,151,51
user_116,384,56
user_116,69,61
user_117,449,15
user_117,484,40
user_117,125,87
user_117,336,39
user_117,235,46
user_117,193,33
user_117,25,20
user_118,68,18
user_118,429,12
user_118,79,43
user_118,146,39
user_118,279,17
user_119,53,1
user_119,132,65
user_120,457,97
user_120,9,72
user_121,313,78
user_121,321,9
user_121,225,10
user_121,405,63
user_121,213,45
user_121,327,56
user_121,42,40
user_121,19,83
user_122,18,95
user_123,373,78
user_123,463,71
user_123,365,24
user_123,183,48
user_123,399,9
user_123,69,40
user_123,162,20
user_123,454,1
user_123,80,73
user_124,415,89
user_124,497,72
user_124,50,69
user_124,399,68
user_125,69,8
user_125,434,85
user_125,445,21
user_125,434,82
user_126,195,41
user_126,360,99
user_126,246,47
user_126,6,57
user_126,142,18
user_126,107,16
user_127,14,44
user_127,409,50
user_127,38,9
user_127,23,93
user_127,328,52
user_127,39,26
user_127,445,39
user_127,16,36
user_127,219,53
user_128,32,86
user_128,214,51
user_128,55,64
user_129,383,27
user_129,25,56
user_129,213,69
user_129,399,50
user_129,194,91
user_129,444,17
user_129,46,3
user_129,147,42
user_129,417,96
user_130,451,79
user_131,80,65
user_131,373,49
user_131,476,12
user_132,500,18
user_132,381,21
user_132,413,20
user_132,39,48
user_133,145,99
user_133,499,63
user_133,432,14
user_133,464,65
user_133,162,34
user_133,307,5
user_134,429,27
user_134,189,45
user_134,293,92
user_134,337,31
user_134,244,88
user_134,307,13
user_135,438,79
user_135,462,3
user_135,222,18
user_135,78,62
user_135,239,6
user_135,346,76
user_136,428,40
user_136,133,13
user_136,180,45
user_136,18,39
user_137,195,62
user_137,32,45
user_137,103,70
user_137,440,41
user_137,443,67
user_137,308,83
user_137,127,19
user_137,383,78
user_137,151,82
user_138,125,89
user_138,398,54
user_138,296,82
user_138,475,55
user_138,42,56
user_138,203,63
user_139,270,89
user_139,244,15
user_139,151,15
user_139,120,80
user_139,68,24
user_139,395,97
user_139,209,61
user_140,145,23
user_140,121,20
user_140,435,13
user_140,122,97
user_140,319,73
user_140,476,7
user_141,451,28
user_141,165,77
user_142,59,81
user_142,244,53
user_142,163,2
user_142,320,31
user_142,292,83
user_142,174,49
user_142,477,30
user_143,82,93
user_143,37,89
user_143,462,71
user_143,127,67
user_143,54,46
user_143,256,9
user_144,181,13
user_144,109,7
user_144,467,99
user_144,217,67
user_144,400,58
user_144,474,50
user_144,263,17
user_145,401,52
user_145,368,73
user_145,488,16
user_145,477,30
user_146,468,10
user_146,376,14
user_146,52,7
user_146,234,26
user_146,159,20
user_146,96,10
user_147,178,87
user_148,355,35
user_148,72,42
user_148,442,10
user_148,151,23
user_148,376,48
user_149,1,59
user_149,475,36
user_149,355,21
user_149,295,95
user_149,94,67
user_150,121,19
user_150,130,33
user_150,359,9
user_150,269,98
user_150,283,64
user_151,436,29
user_151,343,94
user_151,358,19
user_151,231,98
user_151,235,34
user_151,397,90
user_151,51,15
user_152,250,67
user_152,162,61
user_152,15,93
user_152,265,17
user_152,147,16
user_152,81,69
user_153,237,94
user_153,108,6
user_153,73,62
user_153,277,91
user_153,220,44
user_153,201,23
user_153,297,30
user_153,60,67
user_154,304,49
user_154,375,10
user_154,139,35
user_154,103,92
user_154,232,15
user_154,350,27
user_155,40,76
user_155,421,98
user_155,281,92
user_156,77,2
user_156,452,23
user_157,484,4
user_157,366,74
user_157,248,77
user_157,278,12
user_157,210,62
user_158,453,28
user_158,149,58
user_159,124,55
user_159,215,2
user_159,439,64
user_160,434,79
user_160,363,92
user_160,429,4
user_160,326,26
user_160,346,39
user_160,169,18
user_160,281,90
user_161,339,41
user_161,201,21
user_162,247,63
user_162,202,36
user_162,383,82
user_162,192,63
user_162,138,64
user_162,153,40
user_162,112,11
user_162,94,94
user_162,128,5
user_163,19,69
user_163,288,87
user_163,284,31
user_163,75,40
user_163,354,95
user_164,57,79
user_164,485,7
user_165,88,30
user_165,451,88
user_165,62,78
user_165,182,67
user_165,251,61
user_166,402,96
user_166,47,10
user_166,481,47
user_166,329,38
user_167,126,22
user_167,215,86
user_167,199,5
user_167,42,51
user_167,337,17
user_167,457,44
user_168,473,29
user_168,426,40
user_168,441,19
user_168,436,97
user_168,487,2
user_168,304,43
user_168,135,83
user_169,491,53
user_169,314,29
user_169,266,10
user_169,326,67
user_169,183,33
user_170,471,71
user_170,375,84
user_170,364,6
user_171,420,40
user_171,391,18
user_171,487,47
user_171,360,50
user_171,453,29
user_171,24,92
user_171,130,45
user_171,204,33
user_172,187,3
user_172,440,63
user_172,326,78
user_172,358,79
user_172,217,52
user_172,333,83
user_173,301,34
user_174,229,6
user_174,297,73
user_175,20,36
user_175,125,82
user_175,225,69
user_175,242,58
user_175,336,57
user_175,141,3
user_175,478,71
user_176,484,45
user_176,317,84
user_176,375,54
user_176,461,19
user_176,179,24
user_177,250,98
user_177,32,82
user_177,216,89
user_177,3,16
user_177,99,95
user_178,30,52
user_179,428,38
user_180,295,31
user_180,302,79
user_180,227,36
user_180,18,21
user_180,67,16
user_180,103,73
user_180,246,90
user_180,277,31
user_180,306,3
user_181,319,72
user_181,284,5
user_181,360,53
user_181,55,67
user_182,145,83
user_182,390,74
user_182,233,10
user_182,248,99
user_182,81,79
user_182,202,26
user_182,60,71
user_183,418,19
user_183,388,38
user_183,189,5
user_183,479,55
user_183,130,80
user_183,78,24
user_183,409,69
user_184,51,50
user_184,260,41
user_184,259,59
user_185,104,92
user_185,115,16
user_185,408,28
user_185,32,22
user_186,292,79
user_186,364,57
user_187,124,9
user_187,116,61
user_187,97,57
user_187,34,80
user_188,200,70
user_188,207,69
user_188,163,50
user_188,472,46
user_189,352,85
user_189,25,24
user_189,365,46
user_189,485,2
user_189,55,83
user_189,201,40
user_190,348,91
user_190,275,96
user_190,281,38
user_190,432,14
user_190,10,24
user_190,397,81
user_190,92,68
user_191,449,39
user_191,209,57
user_191,52,90
user_191,162,4
user_191,116,24
user_191,270,28
user_191,393,95
user_192,215,36
user_193,161,58
user_193,7,25
user_193,246,34
user_193,214,19
user_193,444,40
user_194,484,12
user_195,118,45
user_195,321,67
user_195,179,84
user_195,145,40
user_195,162,39
user_195,72,55
user_195,488,19
user_195,315,85
user_196,13,70
user_196,332,53
user_196,379,40
user_196,212,13
user_197,152,19
user_198,107,27
user_198,280,46
user_198,280,14
user_198,117,72
user_198,174,97
user_198,114,87
user_198,284,29
user_198,43,4
user_199,408,74
user_199,175,61
user_199,46,27
user_199,494,73
user_199,147,29
user_199,429,31
user_199,447,13
user_199,431,28
user_199,130,97
user_200,99,38
user_200,293,74
user_200,57,57
user_200,10,21
user_200,265,74
user_201,456,72
user_201,324,93
user_201,168,99
user_201,367,10
user_201,465,97
user_201,356,68
user_201,475,27
user_201,236,94
user_202,35,34
user_202,138,72
user_202,488,70
user_202,198,66
user_203,100,20
user_203,496,31
user_203,451,48
user_203,203,79
user_203,499,22
user_203,489,32
user_203,300,86
user_203,2,74
user_203,82,44
user_204,121,5
user_204,335,21
user_204,115,23
user_204,173,84
user_204,84,11
user_204,177,9
user_204,161,78
user_204,79,38
user_204,55,38
user_205,442,45
user_206,324,35
user_206,376,62
user_207,320,37
user_207,211,77
user_207,387,93
user_207,246,77
user_207,242,62
user_207,225,80
user_207,185,91
user_208,433,32
user_208,70,86
user_208,207,74
user_208,106,29
user_208,485,5
user_208,161,80
user_209,244,41
user_209,259,31
user_209,134,26
user_209,276,38
user_209,397,41
user_209,329,83
user_209,339,61
user_209,147,99
user_209,201,73
user_210,291,49
user_210,382,81
user_210,482,97
user_210,176,22
user_210,242,4
user_210,225,27
user_211,396,42
user_211,131,60
user_211,478,6
user_211,390,32
user_211,304,71
user_211,384,91
user_211,142,24
user_212,478,49
user_212,65,4
user_212,449,22
user_212,10,22
user_212,187,47
user_212,322,94
user_213,5,88
user_213,210,4
user_213,460,6
user_213,470,36
user_213,474,31
user_213,289,33
user_213,173,76
user_213,145,91
user_213,133,26
user_214,30,21
user_214,71,49
user_214,149,32
user_214,399,67
user_214,256,88
user_214,360,66
user_215,433,16
user_215,388,73
user_215,130,2
user_215,417,71
user_216,91,57
user_216,310,97
user_216,1,30
user_216,159,66
user_216,31,42
user_216,419,36
user_216,489,10
user_216,198,65
user_216,490,62
user_217,218,9
user_217,129,27
user_217,55,75
user_217,484,19
user_217,442,73
user_218,346,59
user_218,135,80
user_218,387,55
user_218,125,67
user_218,214,73
user_219,471,71
user_219,234,55
user_219,440,73
user_219,194,93
user_220,86,47
user_220,58,84
user_220,468,78
user_220,317,12
user_220,276,43
user_220,200,43
user_221,213,47
user_221,78,40
user_221,37,18
user_221,123,29
user_221,143,19
user_221,252,54
user_221,408,93
user_222,24,58
user_222,354,14
user_222,260,27
user_222,323,18
user_222,178,25
user_222,476,81
user_222,249,47
user_223,436,83
user_223,30,50
user_223,495,18
user_223,450,30
user_223,187,66
user_223,415,66
user_223,270,81
user_223,458,1
user_224,47,92
user_224,419,4
user_224,172,3
user_224,13,95
user_224,234,78
user_224,328,16
user_225,427,20
user_225,269,73
user_225,314,28
user_226,110,69
user_226,234,85
user_226,207,31
user_226,300,21
user_226,409,92
user_226,287,74
user_226,306,97
user_226,263,90
user_227,162,21
user_228,141,75
user_228,440,36
user_228,31,27
user_229,331,11
user_229,117,49
user_230,346,11
user_230,284,15
user_230,49,1
user_230,204,44
user_230,88,8
user_231,119,21
user_232,384,62
user_232,261,90
user_232,173,52
user_232,359,9
user_232,358,4
user_232,496,36
user_232,53,44
user_233,158,65
user_233,369,64
user_233,493,75
user_233,278,85
user_233,75,33
user_234,309,55
user_235,298,3
user_235,289,39
user_235,423,95
user_235,119,73
user_235,499,69
user_235,217,83
user_235,343,51
user_235,313,71
user_236,79,28
user_236,129,11
user_236,214,96
user_236,212,10
user_236,181,6
user_236,401,16
user_236,33,10
user_236,207,30
user_236,438,49
user_237,259,55
user_237,266,92
user_237,411,8
user_237,363,96
user_238,160,56
user_238,265,75
user_238,171,15
user_238,16,80
user_239,102,8
user_240,461,86
user_240,302,2
user_240,350,33
user_241,69,11
user_241,446,24
user_241,85,67
user_241,423,97
user_242,26,96
user_242,197,17
user_242,337,43
user_243,107,31
user_243,328,73
user_243,292,42
user_243,450,67
user_243,262,8
user_243,329,13
user_243,316,64
user_243,319,83
user_244,425,75
user_245,96,66
user_245,168,94
user_245,402,19
user_245,183,74
user_245,325,83
user_246,498,19
user_246,126,37
user_246,81,59
user_247,190,25
user_247,198,13
user_247,287,96
user_247,381,62
user_247,14,28
user_247,384,59
user_247,494,10
user_247,350,80
user_248,22,81
user_248,38,77
user_248,185,42
user_249,395,83
user_249,286,75
user_249,239,21
user_249,183,96
user_249,284,5
user_249,118,32
user_249,249,9
user_249,53,73
user_250,40,13
user_250,158,34
user_250,393,42
user_250,18,52
user_251,463,47
user_251,49,63
user_251,183,14
user_251,339,68
user_251,218,55
user_251,404,21
user_251,338,41
user_252,139,85
user_252,23,17
user_252,336,41
user_252,206,89
user_252,459,9
user_252,199,62
user_252,245,75
user_253,96,6
user_253,136,2
user_253,398,77
user_253,156,17
user_253,186,44
user_253,264,26
user_253,27,60
user_254,284,4
user_254,138,83
user_254,386,56
user_254,71,85
user_254,222,87
user_254,317,57
user_254,48,53
user_255,293,38
user_255,331,12
user_255,326,86
user_256,471,64
user_256,498,45
user_256,200,78
user_256,139,4
user_256,42,27
user_256,116,62
user_256,313,41
user_257,391,71
user_257,122,61
user_257,321,28
user_257,382,9
user_258,167,47
user_258,383,99
user_258,433,54
user_258,88,98
user_258,304,21
user_258,33,21
user_258,220,72
user_259,327,71
user_259,327,89
user_259,126,69
user_259,182,62
user_259,146,96
user_259,147,35
user_259,500,77
user_259,435,33
user_259,426,95
user_260,398,12
user_260,204,68
user_260,147,66
user_260,55,27
user_260,415,77
user_260,281,83
user_260,251,42
user_260,482,14
user_260,379,74
user_261,466,3
user_261,315,33
user_261,411,17
user_261,441,21
user_261,149,54
user_261,295,13
user_262,218,84
user_262,391,18
user_262,180,81
user_262,368,88
user_263,366,38
user_263,186,63
user_264,48,24
user_264,41,47
user_264,106,63
user_264,465,61
user_264,377,25
user_264,456,29
user_264,98,69
user_264,110,19
user_264,309,97
user_265,258,1
user_265,193,40
user_265,421,11
user_265,229,84
user_265,311,73
user_265,202,99
user_266,224,56
user_267,37,16
user_267,425,11
user_267,461,94
user_268,254,56
user_268,293,70
user_268,284,99
user_268,487,47
user_268,44,85
user_268,306,20
user_268,376,58
user_268,306,10
user_268,477,10
user_269,449,28
user_269,101,27
user_269,201,28
user_269,217,85
user_269,348,20
user_269,321,93
user_270,272,14
user_270,151,83
user_270,496,53
user_270,266,92
user_271,171,50
user_271,359,83
user_271,388,46
user_271,473,82
user_271,180,62
user_271,82,95
user_271,409,40
user_271,437,95
user_271,287,21
user_272,169,78
user_272,27,44
user_272,307,9
user_273,377,42
user_273,135,74
user_273,475,20
user_273,102,30
user_273,50,82
user_273,42,21
user_274,150,77
user_274,67,17
user_274,422,15
user_274,266,86
user_274,120,96
user_274,222,71
user_275,210,45
user_275,274,13
user_275,285,88
user_275,428,72
user_275,140,46
user_275,257,54
user_276,417,57
user_277,67,27
user_277,447,63
user_277,50,61
user_277,467,43
user_277,151,13
user_277,485,13
user_277,391,67
user_278,103,52
user_278,355,1
user_278,196,42
user_278,170,79
user_278,446,30
user_278,39,92
user_279,481,56
user_279,398,7
user_280,43,38
user_280,198,26
user_281,65,89
user_281,150,57
user_281,445,30
user_281,253,40
user_281,296,85
user_281,485,44
user_282,55,15
user_282,493,39
user_282,498,58
user_282,27,91
user_283,73,78
user_283,100,75
user_283,338,5
user_283,471,16
user_283,12,91
user_283,194,16
user_283,323,14
user_283,493,4
user_284,305,71
user_284,238,79
user_284,356,82
user_284,466,9
user_284,276,27
user_284,129,68
user_285,262,40
user_285,416,12
user_285,69,42
user_285,266,66
user_285,170,81
user_285,339,16
user_285,342,10
user_285,141,17
user_286,45,97
user_286,73,64
user_286,158,6
user_286,478,39
user_286,226,28
user_286,445,91
user_286,401,68
user_287,15,83
user_287,233,2
user_287,339,64
user_287,422,91
user_287,397,17
user_287,259,48
user_288,115,67
user_288,50,22
user_288,70,27
user_288,178,45
user_289,448,12
user_289,275,63
user_289,459,79
user_289,316,33
user_289,88,38
user_290,385,35
user_291,390,1
user_291,326,25
user_291,441,58
user_291,174,87
user_292,143,4
user_292,47,78
user_292,25,11
user_292,76,49
user_292,171,33
user_292,256,32
user_292,143,86
user_292,45,6
user_293,69,36
user_293,471,5
user_293,349,55
user_293,165,79
user_294,403,17
user_294,327,2
user_294,252,70
user_295,481,31
user_295,241,43
user_296,156,91
user_297,165,5
user_297,279,35
user_297,111,50
user_297,38,44
user_297,446,89
user_297,332,54
user_297,232,42
user_297,209,11
user_297,290,21
user_298,199,74
user_298,229,97
user_298,217,44
user_298,140,90
user_298,22,40
user_298,212,18
user_298,319,81
user_298,489,84
user_298,248,22
user_299,34,16
user_299,20,82
user_299,66,57
user_299,240,87
user_299,103,28
user_299,350,85
user_299,195,58
user_299,366,56
user_300,317,31
user_300,67,98
user_300,247,98
user_300,452,70
user_301,316,11
user_301,290,92
user_301,25,21
user_301,403,13
user_301,88,14
user_301,401,56
user_302,496,2
user_302,30,87
user_302,85,83
user_302,248,20
user_303,200,64
user_303,48,20
user_303,210,76
user_303,458,87
user_303,376,86
user_303,85,35
user_303,307,32
user_303,427,7
user_304,8,1
user_304,460,35
user_304,32,42
user_304,458,85
user_304,467,15
user_304,334,33
user_304,158,32
user_304,39,31
user_305,146,13
user_305,276,18
user_305,365,15
user_305,41,61
user_305,91,26
user_305,68,16
user_305,393,21
user_305,305,18
user_305,68,49
user_306,370,53
user_306,66,45
user_306,352,28
user_306,68,76
user_306,214,53
user_306,498,9
user_307,141,29
user_308,250,43
user_308,427,62
user_308,206,15
user_309,454,71
user_309,6,7
user_309,458,96
user_309,136,33
user_310,298,14
user_310,183,48
user_310,473,59
user_310,215,68
user_310,479,32
user_310,394,46
user_310,330,38
user_310,337,51
user_310,342,99
user_311,191,25
user_311,105,15
user_311,133,78
user_311,288,66
user_311,423,56
user_312,372,2
user_312,90,60
user_312,316,26
user_312,460,11
user_312,89,25
user_312,97,7
user_313,424,14
user_313,155,64
user_313,57,89
user_313,120,50
user_313,459,74
user_313,314,13
user_313,470,72
user_314,400,83
user_314,275,77
user_314,308,27
user_314,103,46
user_314,464,79
user_314,45,98
user_315,428,92
user_315,292,36
user_316,94,97
user_316,450,85
user_316,39,51
user_316,311,7
user_316,267,93
user_316,129,49
user_316,344,87
user_316,493,10
user_316,53,82
user_317,249,18
user_317,335,85
user_317,246,39
user_317,445,58
user_318,206,37
user_318,39,87
user_318,119,13
user_318,258,53
user_318,79,12
user_318,32,92
user_318,465,92
user_319,215,42
user_319,388,51
user_319,119,38
user_319,233,39
user_319,44,99
user_319,84,94
user_319,258,61
user_320,303,45
user_320,260,32
user_320,9,17
user_320,200,98
user_320,303,91
user_320,276,68
user_321,341,91
user_321,137,75
user_321,345,97
user_321,338,38
user_321,271,25
user_321,481,76
user_321,281,44
user_322,199,10
user_322,419,95
user_322,60,99
user_322,342,82
user_322,213,73
user_322,66,9
user_322,370,72
user_323,254,49
user_324,107,53
user_324,202,78
user_324,340,45
user_325,262,49
user_325,83,57
user_325,123,40
user_325,306,92
user_325,493,44
user_325,5,73
user_326,4,63
user_326,357,32
user_326,55,1
user_327,250,88
user_327,376,31
user_328,365,40
user_328,417,28
user_328,441,91
user_328,447,15
user_328,159,90
user_328,105,22
user_328,339,32
user_329,299,57
user_329,308,40
user_329,229,86
user_329,449,75
user_330,382,33
user_330,198,46
user_330,37,51
user_331,467,66
user_332,458,35
user_332,437,22
user_332,198,51
user_332,103,40
user_332,402,94
user_333,441,17
user_334,380,79
user_334,144,55
user_334,487,93
user_334,388,74
user_334,223,96
user_335,278,79
user_335,337,34
user_335,476,78
user_335,378,2
user_335,42,36
user_335,357,40
user_335,336,4
user_336,221,62
user_336,15,24
user_336,456,75
user_336,398,44
user_336,377,65
user_336,294,98
user_336,236,38
user_336,218,92
user_336,315,78
user_337,258,97
user_337,62,55
user_338,189,74
user_338,392,41
user_338,321,31
user_339,111,35
user_339,437,72
user_339,373,31
user_339,352,77
user_339,317,59
user_339,201,49
user_339,277,63
user_339,230,78
user_339,62,44
user_340,276,51
user_340,456,84
user_340,404,50
user_340,151,81
user_340,130,15
user_340,500,2
user_340,150,15
user_340,260,8
user_341,195,1
user_341,198,29
user_341,489,20
user_341,332,19
user_342,195,15
user_342,211,81
user_342,15,81
user_342,482,36
user_342,272,2
user_342,221,85
user_342,456,47
user_343,188,75
user_343,329,67
user_343,483,46
user_343,178,30
user_343,104,93
user_344,2,59
user_344,389,6
user_344,468,78
user_344,92,35
user_344,447,4
user_344,485,32
user_344,31,97
user_344,316,53
user_344,476,7
user_345,102,44
user_345,372,48
user_345,150,79
user_345,124,8
user_345,280,38
user_345,212,68
user_346,333,31
user_346,201,16
user_346,231,80
user_346,333,78
user_346,358,33
user_347,229,86
user_347,308,29
user_347,359,45
user_347,58,86
user_347,103,73
user_347,249,99
user_347,286,53
user_348,182,80
user_348,363,41
user_348,118,89
user_348,471,93
user_348,251,51
user_348,224,54
user_348,342,10
user_348,119,39
user_348,402,67
user_349,440,19
user_349,237,83
user_349,500,50
user_349,215,48
user_349,204,48
user_349,180,5
user_349,369,29
user_349,109,62
user_349,139,37
user_350,335,9
user_350,77,84
user_350,420,54
user_350,73,26
user_350,91,62
user_350,289,29
user_350,297,46
user_351,246,95
user_351,107,32
user_351,6,33
user_351,62,54
user_351,284,49
user_351,191,90
user_351,260,19
user_351,123,60
user_352,51,94
user_352,281,59
user_353,250,47
user_353,41,49
user_353,90,26
user_354,408,4
user_355,227,87
user_355,366,85
user_355,307,70
user_356,9,6
user_356,249,81
user_356,293,32
user_356,407,93
user_357,374,66
user_357,464,55
user_357,22,56
user_357,390,55
user_357,202,5
user_357,498,15
user_357,92,1
user_357,467,70
user_357,78,99
user_358,63,2
user_358,3,17
user_358,457,95
user_358,368,72
user_359,174,73
user_359,322,89
user_360,154,11
user_360,495,36
user_360,336,83
user_360,410,51
user_361,318,29
user_361,7,1
user_361,106,88
user_361,1,54
user_361,287,51
user_361,447,88
user_361,105,18
user_361,60,30
user_362,14,92
user_362,117,63
user_362,332,87
user_362,454,12
user_362,272,92
user_362,75,16
user_362,127,34
user_362,72,24
user_363,162,6
user_363,388,79
user_364,425,49
user_364,179,6
user_364,202,60
user_364,369,58
user_365,201,31
user_365,429,36
user_365,158,93
user_365,186,75
user_366,463,68
user_366,464,54
user_366,202,47
user_366,333,79
user_367,280,36
user_367,328,19
user_367,417,98
user_367,456,2
user_367,386,16
user_367,304,92
user_367,382,36
user_367,215,23
user_368,43,67
user_368,465,66
user_368,270,89
user_368,197,95
user_368,189,75
user_368,209,11
user_368,379,48
user_368,137,46
user_369,102,18
user_369,244,60
user_370,428,64
user_370,281,60
user_370,180,43
user_370,427,75
user_370,248,71
user_370,445,38
user_370,224,9
user_371,420,53
user_371,88,14
user_371,239,43
user_371,480,80
user_371,351,45
user_371,214,52
user_371,211,45
user_372,188,9
user_373,20,92
user_373,9,20
user_373,363,92
user_373,304,44
user_373,274,32
user_374,362,52
user_374,178,43
user_374,163,84
user_374,356,66
user_374,389,33
user_374,93,88
user_374,146,21
user_374,316,77
user_375,368,9
user_375,25,9
user_376,63,15
user_376,339,97
user_376,69,67
user_377,4,84
user_377,173,8
user_377,394,49
user_378,240,97
user_378,54,24
user_378,352,54
user_378,191,31
user_378,298,47
user_378,492,57
user_379,141,26
user_379,158,35
user_380,302,83
user_380,333,11
user_381,364,48
user_381,279,79
user_381,155,89
user_381,197,53
user_381,235,13
user_381,361,85
user_381,212,1
user_381,89,95
user_382,482,7
user_382,158,10
user_382,268,99
user_382,407,52
user_382,387,19
user_382,298,50
user_382,426,63
user_383,71,5
user_383,486,79
user_383,19,2
user_383,292,42
user_383,284,56
user_383,71,31
user_383,215,8
user_384,305,36
user_384,84,29
user_384,67,96
user_384,159,98
user_384,269,63
user_384,135,82
user_385,472,54
user_385,406,50
user_385,458,69
user_385,116,14
user_385,197,94
user_385,372,28
user_386,359,74
user_386,50,22
user_386,234,57
user_386,94,66
user_386,77,4
user_386,304,66
user_387,31,99
user_387,321,14
user_388,180,35
user_388,491,50
user_388,370,63
user_389,213,23
user_389,111,15
user_390,190,16
user_390,352,70
user_390,66,84
user_390,28,27
user_390,38,94
user_390,185,84
user_390,236,73
user_390,343,32
user_390,225,12
user_391,254,65
user_391,432,4
user_391,308,51
user_391,244,25
user_392,142,25
user_392,288,1
user_392,190,16
user_392,478,98
user_392,144,59
user_392,1,96
user_392,278,76
user_393,234,94
user_393,442,68
user_394,258,61
user_394,273,10
user_395,159,13
user_395,131,94
user_395,336,49
user_395,385,96
user_395,336,52
user_395,257,25
user_395,409,8
user_396,62,42
user_396,164,81
user_396,62,94
user_396,148,93
user_396,367,65
user_397,173,38
user_397,373,26
user_397,229,40
user_398,117,26
user_398,164,31
user_398,317,58
user_398,75,29
user_399,24,28
user_399,113,65
user_399,463,53
user_400,431,3
user_400,366,91
user_400,186,62
user_400,444,62
user_401,273,85
user_401,474,59
user_401,5,94
user_401,175,92
user_401,52,81
user_402,408,20
user_402,476,22
user_402,318,59
user_402,67,50
user_402,348,53
user_403,144,42
user_403,294,47
user_403,300,44
user_403,28,37
user_403,455,52
user_403,473,43
user_404,257,23
user_405,329,87
user_405,335,30
user_405,138,92
user_405,239,69
user_405,29,54
user_406,486,98
user_406,431,53
user_406,491,66
user_407,350,54
user_407,459,92
user_407,330,5
user_407,491,41
user_407,349,51
user_407,89,97
user_407,65,64
user_407,358,97
user_407,357,30
user_408,348,9
user_408,144,41
user_408,433,19
user_408,416,21
user_408,13,19
user_408,402,45
user_409,208,22
user_409,290,54
user_409,138,8
user_409,450,44
user_409,262,33
user_410,425,18
user_410,308,87
user_410,271,61
user_410,355,95
user_410,138,59
user_410,341,44
user_410,157,48
user_410,357,48
user_411,331,1
user_411,191,27
user_411,270,88
user_412,30,94
user_412,316,82
user_412,252,34
user_412,269,88
user_412,133,55
user_412,495,4
user_412,115,90
user_413,57,57
user_414,12,74
user_415,432,63
user_415,353,78
user_416,457,57
user_416,348,19
user_416,97,77
user_417,482,56
user_417,359,97
user_417,82,69
user_418,356,43
user_418,149,31
user_418,229,11
user_418,159,2
user_418,496,75
user_418,266,73
user_418,72,35
user_418,51,39
user_419,257,15
user_419,140,59
user_419,116,91
user_419,120,17
user_419,225,15
user_419,1,45
user_420,200,2
user_421,430,28
user_422,277,92
user_422,263,82
user_422,379,30
user_422,301,36
user_422,185,50
user_423,439,46
user_423,446,22
user_423,108,27
user_423,403,45
user_423,428,62
user_423,353,53
user_424,267,87
user_424,325,15
user_424,471,83
user_424,250,52
user_425,341,2
user_425,55,53
user_425,310,84
user_425,198,59
user_425,2,67
user_425,85,49
user_426,482,49
user_426,228,18
user_426,112,94
user_426,385,30
user_426,51,4
user_426,384,83
user_427,343,44
user_427,89,83
user_427,134,90
user_427,332,86
user_427,25,82
user_427,80,41
user_427,251,77
user_427,266,63
user_428,93,44
user_429,341,76
user_429,220,67
user_429,150,61
user_430,357,84
user_430,4,25
user_430,404,84
user_431,104,59
user_431,392,49
user_431,36,23
user_431,79,21
user_431,309,23
user_431,458,42
user_431,173,67
user_432,443,18
user_432,30,76
user_432,193,25
user_433,282,43
user_433,459,21
user_433,88,21
user_433,320,14
user_433,290,18
user_433,99,85
user_433,185,53
user_433,240,71
user_433,12,82
user_434,305,63
user_434,129,52
user_434,160,60
user_434,307,77
user_434,111,34
user_434,50,22
user_435,169,78
user_435,33,91
user_435,132,26
user_435,305,66
user_435,365,56
user_435,193,42
user_436,107,84
user_436,223,13
user_436,173,2
user_436,430,95
user_436,215,46
user_436,177,85
user_436,487,2
user_437,363,27
user_437,298,96
user_437,123,17
user_437,198,24
user_437,336,41
user_437,303,33
user_438,289,13
user_438,353,11
user_438,268,75
user_438,144,2
user_438,306,88
user_438,471,39
user_438,209,12
user_438,497,34
user_439,205,58
user_439,172,68
user_439,263,27
user_439,232,35
user_439,71,64
user_439,353,43
user_439,195,64
user_440,28,62
user_440,105,27
user_440,410,99
user_440,435,44
user_440,138,11
user_440,15,30
user_440,85,66
user_440,52,75
user_441,93,40
user_441,430,88
user_441,74,71
user_441,41,88
user_441,113,48
user_441,119,68
user_441,462,21
user_441,427,46
user_441,212,65
user_442,386,70
user_442,18,34
user_443,183,54
user_443,347,56
user_443,24,23
user_443,391,86
user_444,84,99
user_444,59,10
user_444,162,18
user_444,54,43
user_444,142,44
user_445,446,42
user_445,491,46
user_445,200,37
user_445,87,35
user_445,279,74
user_445,357,25
user_445,428,11
user_446,435,94
user_446,422,48
user_446,203,14
user_447,394,26
user_447,36,59
user_447,458,92
user_447,135,4
user_447,217,53
user_447,342,28
user_447,147,36
user_447,179,64
user_448,474,22
user_448,57,21
user_448,476,2
user_448,39,33
user_448,194,36
user_448,81,19
user_448,183,9
user_448,327,76
user_449,425,95
user_449,382,89
user_449,492,59
user_449,330,96
user_449,363,79
user_449,268,40
user_449,10,15
user_449,469,8
user_449,346,58
user_450,313,86
user_450,498,59
user_450,31,70
user_450,368,96
user_450,246,33
user_450,315,58
user_450,130,16
user_450,395,32
user_451,461,66
user_451,174,44
user_451,471,80
user_451,29,39
user_452,158,67
user_452,219,67
user_453,152,78
user_453,461,32
user_453,86,98
user_453,210,86
user_453,145,18
user_453,346,5
user_453,432,6
user_453,144,75
user_453,36,98
user_454,202,25
user_454,415,40
user_454,293,81
user_454,487,22
user_454,468,51
user_454,330,2
user_455,310,41
user_455,329,56
user_455,396,39
user_455,293,81
user_455,114,67
user_456,1,31
user_456,331,35
user_457,163,10
user_457,413,71
user_457,371,40
user_457,348,27
user_458,292,30
user_459,45,11
user_459,424,61
user_459,347,64
user_459,224,22
user_459,399,55
user_459,476,87
user_459,272,11
user_459,457,16
user_459,495,46
user_460,425,27
user_460,134,34
user_460,57,90
user_460,132,74
user_460,87,88
user_461,336,83
user_461,169,69
user_461,397,69
user_461,318,88
user_461,145,12
user_462,399,14
user_462,179,41
user_462,322,16
user_462,208,45
user_462,399,44
user_462,285,37
user_463,85,79
user_463,342,84
user_463,212,37
user_463,389,17
user_463,206,49
user_464,110,16
user_465,218,7
user_465,166,98
user_465,165,31
user_466,365,58
user_466,214,89
user_466,43,88
user_466,3,27
user_466,252,8
user_466,326,88
user_466,323,11
user_467,103,95
user_467,255,55
user_467,240,78
user_467,436,87
user_467,83,50
user_467,449,2
user_468,105,89
user_468,152,2
user_468,57,99
user_468,92,77
user_468,52,55
user_468,260,63
user_469,336,86
user_469,396,2
user_469,169,97
user_469,140,45
user_469,288,55
user_470,111,31
user_470,243,99
user_470,392,51
user_470,366,87
user_470,460,53
user_471,203,14
user_471,391,28
user_471,115,90
user_472,273,58
user_472,300,15
user_472,490,89
user_472,102,50
user_472,213,50
user_472,197,2
user_472,278,28
user_473,200,39
user_473,137,79
user_473,56,51
user_473,339,91
user_473,48,39
user_473,191,99
user_473,302,3
user_473,140,75
user_474,263,16
user_474,278,48
user_475,59,61
user_475,83,28
user_476,86,75
user_476,161,33
user_476,266,68
user_476,226,85
user_476,256,66
user_476,255,80
user_477,293,57
user_477,438,52
user_477,167,59
user_477,400,79
user_477,137,80
user_477,285,89
user_477,444,7
user_477,419,21
user_477,193,41
user_478,26,43
user_478,237,80
user_478,61,36
user_479,191,38
user_479,146,85
user_479,192,70
user_479,255,33
user_479,174,22
user_479,84,60
user_479,122,74
user_479,96,4
user_479,173,93
user_480,290,13
user_480,146,71
user_480,117,99
user_480,286,54
user_480,300,90
user_480,94,30
user_480,403,6
user_480,179,19
user_481,342,66
user_481,442,85
user_481,200,76
user_482,331,75
user_482,55,99
user_482,184,94
user_482,296,34
user_483,377,66
user_483,457,15
user_483,258,10
user_484,161,76
user_484,282,36
user_484,135,32
user_484,261,99
user_484,452,40
user_484,302,83
user_484,309,90
user_484,159,97
user_484,64,53
user_485,426,17
user_485,140,18
user_486,367,74
user_486,255,85
user_486,207,76
user_486,115,15
user_486,281,86
user_486,395,29
user_486,220,77
user_486,1,32
user_487,44,58
user_488,200,79
user_488,183,96
user_488,289,34
user_488,435,1
user_489,140,84
user_489,152,87
user_489,218,47
user_490,417,72
user_490,185,16
user_490,46,61
user_490,230,4
user_491,301,93
user_492,372,93
user_492,254,81
user_492,292,76
user_492,160,73
user_492,403,54
user_492,239,46
user_492,247,89
user_492,476,40
user_493,5,35
user_493,24,86
user_493,294,38
user_493,444,16
user_493,77,41
user_493,102,67
user_493,161,92
user_493,2,87
user_494,187,72
user_494,88,9
user_494,210,97
user_494,454,16
user_494,186,24
user_494,303,26
user_494,50,87
user_494,447,18
user_494,72,87
user_495,398,19
user_495,154,24
user_495,389,28
user_496,31,26
user_496,362,39
user_496,146,66
user_496,301,7
user_496,238,52
user_496,485,68
user_496,150,66
user_497,155,84
user_498,232,16
user_499,41,17
user_499,479,25
user_499,124,15
user_500,220,23
user_500,291,88
user_500,296,42
user_500,468,26
user_500,176,13
user_500,99,97
user_501,468,11
user_501,79,59
user_501,8,76
user_501,340,40
user_501,417,77
user_501,272,59
user_501,404,44
user_501,447,5
user_502,278,60
user_502,338,61
user_502,395,37
user_502,111,10
user_502,137,33
user_503,113,75
user_503,311,83
user_503,391,40
user_503,308,29
user_503,334,35
user_503,209,53
user_503,455,63
user_503,488,4
user_503,412,44
user_504,475,70
user_504,42,67
user_504,318,2
user_504,255,94
user_504,419,45
user_504,424,39
user_504,378,26
user_504,453,65
user_505,343,37
user_505,89,21
user_505,107,91
user_505,488,34
user_505,378,29
user_505,487,96
user_505,388,38
user_506,21,12
user_506,84,84
user_506,191,74
user_506,412,89
user_506,87,20
user_506,329,52
user_506,39,22
user_506,342,81
user_507,174,63
user_507,408,91
user_507,288,66
user_507,288,72
user_508,272,81
user_508,217,96
user_508,468,14
user_508,91,79
user_508,405,53
user_508,463,45
user_508,75,70
user_509,50,24
user_509,151,21
user_509,345,36
user_509,187,7
user_509,53,31
user_510,475,38
user_511,433,11
user_511,249,39
user_511,153,83
user_511,30,77
user_511,265,13
user_512,169,14
user_512,51,11
user_512,248,34
user_512,129,84
user_512,182,47
user_513,204,30
user_513,208,29
user_513,164,12
user_513,55,6
user_513,28,86
user_513,168,53
user_513,279,80
user_514,76,90
user_514,200,45
user_514,406,35
user_514,195,85
user_515,483,19
user_515,358,64
user_515,379,45
user_516,487,68
user_516,336,17
user_516,417,52
user_517,243,58
user_517,426,96
user_517,111,63
user_517,188,84
user_517,297,96
user_518,182,28
user_518,301,94
user_518,99,69
user_518,188,18
user_519,416,80
user_519,436,58
user_519,4,72
user_519,373,50
user_520,364,97
user_520,230,5
user_520,346,97
user_520,412,28
user_520,465,94
user_520,456,56
user_520,112,42
user_520,124,38
user_521,306,12
user_521,495,81
user_521,430,7
user_521,341,86
user_521,25,8
user_521,380,28
user_521,238,1
user_522,242,70
user_522,31,63
user_522,430,78
user_522,108,49
user_522,239,26
user_522,24,87
user_522,130,23
user_522,434,21
user_523,88,91
user_523,152,89
user_523,123,91
user_523,263,44
user_523,63,70
user_523,126,7
user_523,435,42
user_523,215,90
user_524,497,84
user_524,177,63
user_524,47,4
user_524,471,27
user_524,334,28
user_525,238,28
user_525,87,69
user_525,37,81
user_525,178,88
user_526,34,33
user_527,409,41
user_528,442,97
user_529,256,36
user_529,296,22
user_529,225,40
user_530,9,48
user_530,313,39
user_531,440,45
user_531,223,47
user_531,408,88
user_531,280,77
user_531,444,45
user_531,47,42
user_531,157,78
user_531,489,38
user_532,458,91
user_532,113,19
user_532,468,71
user_532,334,9
user_533,161,70
user_534,366,38
user_534,57,38
user_534,388,53
user_535,464,73
user_535,7,2
user_535,472,39
user_535,290,35
user_535,40,3
user_535,421,38
user_536,179,21
user_536,171,58
user_536,171,96
user_536,500,22
user_536,4,70
user_536,445,37
user_536,80,79
user_536,229,26
user_536,397,11
user_537,75,16
user_538,134,96
user_538,196,96
user_538,467,7
user_538,430,53
user_538,40,31
user_538,58,70
user_538,405,46
user_539,111,8
user_539,182,1
user_539,423,80
user_539,153,73
user_539,56,53
user_539,395,42
user_540,404,87
user_540,1,48
user_540,486,42
user_540,198,89
user_540,125,76
user_541,4,4
user_542,14,7
user_542,64,45
user_542,56,63
user_542,226,87
user_542,447,84
user_542,309,63
user_543,483,8
user_543,256,64
user_543,331,88
user_544,483,92
user_544,181,68
user_544,362,68
user_544,455,46
user_544,300,25
user_544,295,3
user_544,397,44
user_545,313,94
user_545,267,88
user_545,440,80
user_546,155,16
user_546,441,77
user_546,398,11
user_547,24,20
user_547,39,37
user_547,317,99
user_547,260,13
user_547,459,54
user_547,458,19
user_547,241,31
user_547,107,76
user_547,422,73
user_548,375,46
user_548,216,72
user_548,436,11
user_548,246,28
user_548,209,69
user_548,292,9
user_548,89,8
user_548,9,11
user_549,40,87
user_549,258,10
user_549,205,70
user_549,139,86
user_549,457,29
user_549,309,14
user_550,401,99
user_551,348,8
user_551,166,74
user_551,423,1
user_551,462,21
user_552,330,39
user_552,362,36
user_552,120,34
user_552,30,76
user_552,378,84
user_552,156,12
user_552,353,86
user_553,24,75
user_553,483,86
user_553,154,84
user_554,177,19
user_555,51,15
user_555,334,9
user_555,319,76
user_555,7,99
user_555,58,49
user_555,66,84
user_555,273,50
user_556,299,58
user_557,64,80
user_557,68,75
user_557,228,35
user_557,449,77
user_558,384,56
user_558,489,59
user_558,38,27
user_558,175,26
user_558,186,41
user_558,349,70
user_559,281,88
user_559,72,9
user_559,395,91
user_559,225,39
user_559,422,78
user_559,236,55
user_559,397,38
user_559,365,48
user_559,200,44
user_560,171,97
user_560,479,31
user_561,379,37
user_561,434,37
user_561,322,78
user_561,6,14
user_561,98,44
user_561,432,72
user_562,490,74
user_562,182,66
user_563,363,64
user_563,160,1
user_563,334,51
user_563,446,3
user_563,78,34
user_563,291,52
user_563,369,68
user_563,185,57
user_563,206,56
user_564,66,91
user_564,284,61
user_564,60,55
user_564,83,92
user_564,457,42
user_564,358,15
user_564,208,35
user_564,302,18
user_565,281,96
user_565,126,65
user_565,475,81
user_565,493,2
user_566,103,56
user_567,429,45
user_567,164,84
user_567,61,67
user_568,112,92
user_568,71,23
user_568,96,8
user_568,410,71
user_568,384,71
user_568,235,31
user_568,80,89
user_569,164,93
user_569,52,96
user_569,422,61
user_570,139,77
user_570,147,94
user_570,56,81
user_570,339,29
user_570,411,40
user_571,378,89
user_571,8,12
user_571,54,60
user_571,365,52
user_572,498,29
user_572,94,67
user_572,446,61
user_572,84,69
user_572,9,89
user_572,381,87
user_572,493,70
user_572,490,10
user_573,349,51
user_573,228,19
user_573,196,31
user_573,319,21
user_573,459,19
user_574,399,61
user_574,303,59
user_574,438,98
user_574,165,78
user_574,276,10
user_574,170,91
user_575,421,10
user_575,127,89
user_575,95,55
user_575,47,6
user_576,241,4
user_576,11,12
user_577,12,31
user_577,10,75
user_577,96,73
user_577,338,90
user_578,142,81
user_578,74,42
user_579,93,80
user_579,466,35
user_579,465,2
user_579,25,43
user_579,271,79
user_579,158,86
user_579,212,53
user_579,277,21
user_580,29,3
user_581,262,47
user_581,173,94
user_581,270,44
user_581,338,89
user_581,350,92
user_581,226,19
user_582,210,73
user_582,214,27
user_583,117,48
user_583,19,62
user_583,152,24
user_584,310,59
user_584,117,14
user_584,66,46
user_584,390,43
user_584,134,81
user_584,49,74
user_584,26,88
user_584,386,17
user_584,432,38
user_585,166,78
user_585,272,54
user_585,364,75
user_585,4,57
user_585,17,33
user_585,354,85
user_586,374,88
user_586,76,3
user_586,282,70
user_586,211,1
user_586,149,24
user_586,359,75
user_587,453,70
user_587,418,41
user_587,499,87
user_587,490,70
user_587,275,78
user_587,256,12
user_587,120,79
user_587,170,66
user_587,280,66
user_588,496,55
user_588,54,78
user_588,159,22
user_588,275,99
user_588,68,84
user_589,273,44
user_589,136,86
user_589,428,37
user_590,271,3
user_590,3,83
user_591,409,38
user_591,53,21
user_592,104,72
user_592,196,14
user_593,190,79
user_593,298,2
user_593,119,83
user_593,397,90
user_593,416,98
user_593,350,42
user_593,76,28
user_593,292,62
user_593,441,37
user_594,406,24
user_594,331,23
user_594,255,16
user_594,387,75
user_594,119,25
user_594,151,19
user_595,226,91
user_595,442,76
user_595,135,31
user_595,18,74
user_595,218,91
user_595,435,65
user_595,203,50
user_595,35,85
user_595,242,76
user_596,182,63
user_596,66,33
user_596,218,6
user_596,127,38
user_596,394,65
user_596,188,26
user_596,380,7
user_596,359,21
user_597,165,38
user_597,385,55
user_597,144,34
user_597,353,18
user_597,195,67
user_597,410,38
user_597,94,77
user_597,484,22
user_597,242,49
user_598,375,29
user_598,471,32
user_598,348,4
user_598,263,18
user_598,331,29
user_598,89,57
user_598,325,34
user_598,242,34
user_598,80,56
user_599,6,12
user_599,192,19
user_599,98,53
user_599,33,50
user_599,333,72
user_599,1,88
user_599,467,49
user_599,396,15
user_599,358,12
user_600,141,64
user_600,281,48
user_601,288,69
user_601,182,17
user_601,158,52
user_601,330,4
user_601,82,7
user_601,160,24
user_601,444,75
user_601,385,83
user_601,407,93
user_602,382,58
user_602,480,18
user_602,277,41
user_602,281,7
user_603,488,9
user_603,272,9
user_603,102,75
user_603,331,79
user_603,355,19
user_603,477,35
user_604,136,99
user_604,87,56
user_604,440,11
user_604,439,47
user_604,368,57
user_604,383,26
user_604,53,47
user_604,294,99
user_605,104,27
user_605,468,79
user_605,413,52
user_605,171,62
user_605,334,13
user_605,8,46
user_605,300,10
user_605,8,79
user_605,82,88
user_606,405,20
user_606,176,45
user_606,411,98
user_606,401,26
user_606,15,8
user_606,480,50
user_606,170,22
user_606,140,6
user_606,216,67
user_607,117,31
user_607,325,9
user_607,425,93
user_607,367,87
user_607,335,50
user_607,371,44
user_607,352,95
user_607,425,93
user_607,18,29
user_608,199,89
user_608,343,37
user_608,158,71
user_608,166,55
user_609,80,20
user_609,473,80
user_609,289,23
user_609,405,21
user_609,159,77
user_609,117,71
user_609,15,21
user_610,311,31
user_610,81,68
user_610,462,17
user_610,152,11
user_610,24,55
user_610,18,78
user_610,417,39
user_610,166,16
user_611,349,87
user_611,233,1
user_611,11,90
user_611,308,3
user_611,89,73
user_611,18,76
user_611,93,17
user_611,361,53
user_611,329,4
user_612,381,92
user_612,38,61
user_612,361,47
user_612,496,26
user_612,205,31
user_613,286,33
user_613,100,97
user_613,110,84
user_613,203,89
user_613,27,81
user_613,186,97
user_614,69,9
user_615,25,64
user_615,318,45
user_615,499,49
user_615,401,9
user_616,498,43
user_616,400,15
user_616,496,81
user_616,235,69
user_616,228,27
user_616,233,16
user_616,228,76
user_616,72,66
user_617,173,48
user_617,184,72
user_617,332,3
user_617,402,44
user_617,180,9
user_617,407,96
user_618,487,11
user_618,53,76
user_618,462,36
user_619,290,77
user_619,203,87
user_619,221,88
user_619,39,26
user_619,96,49
user_620,82,59
user_620,187,76
user_620,311,13
user_620,413,84
user_620,67,41
user_620,430,93
user_620,9,9
user_621,181,70
user_621,350,97
user_621,119,85
user_621,77,62
user_621,195,94
user_621,74,56
user_621,13,52
user_621,288,63
user_622,173,81
user_622,235,44
user_622,281,68
user_622,349,91
user_622,490,80
user_623,253,42
user_623,347,65
user_624,398,30
user_624,450,86
user_624,433,43
user_624,256,70
user_624,183,45
user_624,27,66
user_624,20,57
user_625,124,24
user_625,76,30
user_625,380,37
user_625,272,76
user_625,70,60
user_625,344,35
user_625,461,7
user_626,397,9
user_626,232,62
user_626,140,3
user_626,118,55
user_626,354,43
user_626,367,15
user_626,106,74
user_626,250,7
user_626,297,5
user_627,3,87
user_628,390,37
user_628,432,66
user_628,304,71
user_629,154,15
user_629,217,70
user_629,499,81
user_630,3,55
user_630,37,32
user_631,147,76
user_631,331,2
user_631,30,19
user_631,149,80
user_631,134,22
user_631,396,35
user_631,374,59
user_632,339,74
user_632,322,69
user_632,34,1
user_632,191,50
user_632,197,77
user_632,94,5
user_632,30,96
user_632,461,23
user_632,14,2
user_633,80,15
user_633,432,97
user_633,91,51
user_633,11,44
user_633,427,56
user_633,485,20
user_634,161,8
user_634,476,12
user_634,411,64
user_634,42,60
user_634,284,8
user_634,345,99
user_635,333,35
user_636,327,39
user_636,172,99
user_636,348,90
user_636,396,2
user_636,439,73
user_636,185,90
user_636,89,5
user_637,245,7
user_637,277,90
user_637,70,11
user_638,315,79
user_638,277,27
user_638,138,32
user_638,21,83
user_638,311,93
user_638,8,48
user_639,324,89
user_639,304,35
user_639,67,84
user_639,401,93
user_639,377,48
user_640,140,62
user_640,219,49
user_640,148,73
user_640,248,47
user_640,6,80
user_640,93,51
user_640,465,84
user_641,2,34
user_641,416,90
user_641,329,60
user_642,264,67
user_642,478,51
user_642,129,65
user_642,138,6
user_642,41,25
user_642,334,15
user_642,305,5
user_643,138,28
user_643,45,20
user_643,234,8
user_643,221,11
user_643,203,89
user_643,230,49
user_644,202,76
user_645,50,31
user_645,206,85
user_645,1,82
user_645,398,6
user_645,137,71
user_645,17,59
user_645,449,93
user_645,9,72
user_646,459,8
user_646,99,74
user_646,294,80
user_646,422,49
user_646,207,28
user_646,490,41
user_647,280,5
user_647,281,89
user_647,158,10
user_647,308,42
user_647,155,44
user_648,450,19
user_648,292,42
user_648,332,85
user_648,440,84
user_648,26,35
user_648,249,26
user_648,101,61
user_648,413,10
user_649,41,74
user_649,46,21
user_649,5,41
user_649,140,94
user_649,331,8
user_649,490,98
user_650,131,54
user_651,413,25
user_651,134,87
user_651,215,35
user_651,31,35
user_652,97,14
user_652,197,70
user_652,305,66
user_652,290,76
user_653,369,14
user_653,248,37
user_653,302,13
user_653,489,36
user_653,44,4
user_653,434,96
user_654,257,19
user_654,165,53
user_654,36,43
user_654,35,48
user_655,280,71
user_655,345,81
user_655,478,15
user_655,15,17
user_655,321,9
user_655,20,1
user_655,181,22
user_655,274,22
user_656,342,1
user_656,470,62
user_656,53,69
user_656,24,96
user_657,187,2
user_657,349,78
user_657,304,27
user_658,7,79
user_658,18,74
user_659,217,19
user_659,236,31
user_659,132,89
user_659,494,92
user_659,219,12
user_659,97,45
user_659,95,88
user_659,401,79
user_660,17,61
user_660,467,67
user_660,491,51
user_660,57,70
user_661,362,32
user_661,332,40
user_661,364,79
user_661,141,63
user_661,492,90
user_661,196,1
user_661,463,28
user_661,415,64
user_662,221,20
user_662,126,96
user_662,414,76
user_662,268,20
user_662,95,90
user_662,96,60
user_663,144,22
user_664,302,54
user_665,377,70
user_665,237,14
user_665,46,57
user_665,256,17
user_665,292,28
user_665,250,94
user_665,48,9
user_666,303,4
user_667,313,51
user_667,391,55
user_667,196,13
user_667,169,74
user_667,368,61
user_667,140,24
user_667,289,24
user_667,348,30
user_668,117,60
user_668,396,11
user_668,353,41
user_668,354,75
user_668,204,99
user_668,66,92
user_668,72,66
user_668,8,5
user_669,109,57
user_670,182,38
user_670,110,26
user_670,205,69
user_670,300,45
user_670,210,77
user_670,87,58
user_670,17,45
user_670,53,87
user_671,308,89
user_671,209,8
user_672,276,68
user_673,471,75
user_673,168,14
user_673,322,61
user_673,65,97
user_674,35,50
user_674,113,47
user_674,56,21
user_674,376,12
user_674,323,36
user_674,395,24
user_674,260,3
user_674,442,3
user_674,33,16
user_675,400,40
user_676,256,67
user_676,347,42
user_676,115,67
user_677,16,46
user_677,475,75
user_677,393,23
user_677,193,64
user_677,227,2
user_677,266,61
user_677,170,16
user_678,272,47
user_678,73,64
user_678,162,86
user_679,430,21
user_679,262,12
user_679,451,69
user_679,470,17
user_680,439,27
user_680,198,1
user_680,215,80
user_681,26,43
user_681,174,37
user_681,114,44
user_681,328,19
user_681,127,30
user_681,120,65
user_681,271,12
user_681,395,96
user_681,244,22
user_682,413,72
user_682,461,47
user_682,81,81
user_682,344,47
user_682,299,78
user_682,495,15
user_683,494,24
user_683,40,3
user_683,491,12
user_683,77,89
user_683,166,20
user_683,260,12
user_683,444,71
user_683,389,42
user_684,439,55
user_684,105,93
user_684,480,64
user_684,336,39
user_684,85,96
user_684,301,66
user_684,162,47
user_684,152,74
user_684,38,77
user_685,271,48
user_685,329,49
user_685,491,15
user_685,116,68
user_685,297,76
user_686,139,55
user_686,313,49
user_686,243,84
user_686,318,20
user_687,265,39
user_687,80,80
user_687,261,69
user_687,150,65
user_687,256,2
user_687,46,3
user_687,23,82
user_687,216,4
user_688,338,40
user_688,100,61
user_688,379,46
user_688,187,90
user_689,499,89
user_689,94,41
user_689,312,98
user_689,94,96
user_689,162,34
user_689,83,16
user_689,175,21
user_689,439,4
user_689,28,4
user_690,393,93
user_690,145,26
user_690,103,42
user_690,492,55
user_690,196,45
user_690,458,7
user_691,142,38
user_691,89,62
user_691,62,71
user_691,264,92
user_691,7,29
user_691,229,12
user_691,393,68
user_691,68,19
user_691,500,14
user_692,124,66
user_692,34,52
user_692,198,79
user_692,391,61
user_692,229,15
user_693,59,30
user_693,369,28
user_693,220,80
user_693,497,14
user_693,426,14
user_693,438,60
user_693,458,8
user_693,393,20
user_694,86,11
user_694,399,63
user_694,182,46
user_694,423,74
user_695,71,38
user_695,73,11
user_695,216,28
user_695,185,28
user_695,3,19
user_696,446,48
user_696,285,37
user_696,217,95
user_696,483,82
user_696,178,12
user_696,418,43
user_696,259,55
user_696,38,66
user_697,302,20
user_697,233,50
user_697,484,23
user_697,454,91
user_697,366,74
user_697,420,79
user_698,409,20
user_698,412,58
user_698,373,28
user_699,89,74
user_700,442,35
user_700,405,34
user_700,179,43
user_700,252,56
user_700,281,84
user_700,193,60
user_700,150,2
user_701,290,78
user_702,432,25
user_702,235,62
user_702,145,17
user_702,353,57
user_703,50,60
user_703,97,81
user_703,210,33
user_703,344,72
user_703,284,7
user_704,117,35
user_704,138,53
user_704,201,8
user_704,401,63
user_704,374,76
user_705,402,60
user_705,304,66
user_706,299,89
user_706,458,92
user_706,471,19
user_706,43,7
user_706,220,86
user_707,389,19
user_707,117,13
user_707,293,6
user_707,166,41
user_707,258,91
user_707,65,60
user_707,309,74
user_707,241,69
user_708,322,73
user_708,3,44
user_708,386,53
user_709,474,30
user_709,56,80
user_709,473,38
user_709,266,13
user_709,375,19
user_709,134,64
user_709,463,70
user_710,347,45
user_710,88,86
user_710,471,29
user_710,308,33
user_710,212,6
user_710,434,6
user_711,136,4
user_711,179,21
user_711,39,45
user_711,283,31
user_711,432,53
user_711,449,11
user_711,354,47
user_712,49,11
user_712,165,52
user_712,65,57
user_712,188,10
user_713,191,53
user_713,390,36
user_713,192,90
user_714,12,84
user_714,139,71
user_714,260,46
user_715,362,5
user_715,103,51
user_715,383,17
user_716,177,94
user_716,107,41
user_716,236,44
user_717,309,10
user_717,374,57
user_717,196,53
user_717,170,49
user_717,243,20
user_717,348,97
user_717,215,6
user_717,316,39
user_717,428,90
user_718,268,92
user_718,268,2
user_718,189,6
user_719,274,87
user_720,494,82
user_720,450,93
user_720,215,15
user_720,244,69
user_720,6,72
user_721,357,18
user_721,262,30
user_721,353,91
user_721,395,53
user_721,430,34
user_721,489,20
user_721,217,13
user_721,419,4
user_721,115,75
user_722,466,2
user_723,122,97
user_723,147,72
user_723,250,43
user_723,342,73
user_723,336,14
user_723,182,64
user_724,311,73
user_724,52,95
user_724,258,47
user_725,274,48
user_725,352,75
user_725,447,73
user_725,477,9
user_725,441,18
user_725,327,92
user_726,116,58
user_726,181,68
user_727,35,6
user_727,241,83
user_727,264,68
user_727,398,96
user_728,197,93
user_728,185,35
user_728,197,70
user_728,121,65
user_728,17,13
user_728,437,38
user_728,62,46
user_729,49,50
user_729,446,76
user_729,98,59
user_730,55,39
user_730,173,30
user_730,304,55
user_730,481,87
user_730,184,32
user_730,221,17
user_730,478,24
user_730,227,38
user_731,451,84
user_731,330,39
user_732,466,93
user_732,247,52
user_732,495,36
user_733,225,33
user_733,450,44
user_733,53,47
user_733,450,58
user_733,160,17
user_733,361,42
user_733,63,97
user_734,360,41
user_734,328,21
user_735,121,16
user_735,272,50
user_735,475,48
user_736,388,54
user_736,345,2
user_736,292,55
user_736,348,65
user_736,241,4
user_736,269,31
user_736,436,2
user_737,266,57
user_738,283,17
user_738,430,31
user_738,273,57
user_738,100,22
user_738,378,19
user_738,366,52
user_738,136,42
user_738,413,56
user_738,426,87
user_739,279,65
user_739,249,20
user_739,283,35
user_739,20,8
user_739,246,37
user_740,140,8
user_740,155,82
user_740,437,96
user_740,99,36
user_740,392,53
user_740,500,72
user_740,72,98
user_741,42,29
user_741,407,19
user_741,52,80
user_742,332,86
user_742,326,62
user_742,193,61
user_742,304,37
user_742,438,33
user_742,260,97
user_743,387,48
user_743,383,22
user_743,17,15
user_743,120,99
user_743,163,97
user_744,5,40
user_745,30,97
user_745,379,98
user_745,33,47
user_745,73,25
user_745,123,12
user_745,301,85
user_745,239,34
user_745,207,44
user_745,167,90
user_746,194,59
user_746,14,34
user_746,186,96
user_746,26,24
user_746,303,54
user_746,454,28
user_747,359,9
user_747,233,78
user_747,367,78
user_747,369,6
user_747,108,52
user_748,123,40
user_748,86,58
user_748,28,50
user_748,445,18
user_748,450,41
user_748,325,30
user_748,142,2
user_749,480,47
user_749,63,96
user_749,371,79
user_749,341,58
user_749,202,3
user_749,457,17
user_749,30,75
user_749,262,26
user_750,187,12
user_750,414,20
user_750,276,2
user_750,335,79
user_750,40,81
user_750,75,68
user_750,311,95
user_751,178,30
user_751,255,99
user_751,200,14
user_751,218,43
user_751,364,15
user_751,62,28
user_752,59,48
user_752,164,61
user_753,81,44
user_753,191,79
user_753,32,41
user_754,182,96
user_754,242,3
user_754,202,30
user_754,429,24
user_754,49,15
user_754,66,86
user_755,169,35
user_755,152,37
user_756,102,26
user_756,240,66
user_756,391,11
user_756,58,85
user_756,187,66
user_756,435,16
user_756,378,27
user_756,215,63
user_757,39,77
user_757,183,89
user_757,204,98
user_757,345,3
user_757,495,73
user_757,285,14
user_757,100,70
user_758,8,93
user_758,180,4
user_758,269,3
user_758,246,62
user_758,219,67
user_759,355,8
user_759,186,16
user_759,58,36
user_760,485,65
user_760,402,16
user_760,375,24
user_761,118,98
user_761,172,24
user_761,69,49
user_761,484,69
user_761,90,98
user_761,188,71
user_761,418,41
user_762,253,63
user_762,403,18
user_762,200,24
user_762,305,40
user_763,189,60
user_764,177,43
user_765,464,97
user_765,437,89
user_765,187,55
user_765,498,66
user_765,391,97
user_765,211,74
user_765,374,99
user_765,154,84
user_765,180,67
user_766,205,23
user_766,229,40
user_766,155,97
user_766,296,71
user_766,84,85
user_766,482,33
user_766,413,20
user_766,380,68
user_766,132,70
user_767,406,28
user_767,364,60
user_767,467,25
user_768,475,84
user_768,211,43
user_768,487,35
user_768,4,53
user_768,124,51
user_768,314,57
user_768,235,33
user_768,436,84
user_768,206,3
user_769,446,98
user_769,175,58
user_769,379,72
user_769,478,12
user_769,191,76
user_770,41,44
user_770,329,61
user_770,351,18
user_770,90,17
user_770,420,59
user_770,63,35
user_770,123,28
user_770,69,89
user_770,383,46
user_771,204,63
user_771,324,85
user_771,253,44
user_771,52,94
user_771,448,40
user_771,187,92
user_771,202,76
user_772,453,93
user_773,418,69
user_773,327,98
user_774,250,89
user_774,328,14
user_774,479,49
user_774,358,11
user_775,177,75
user_775,406,96
user_775,262,46
user_775,186,32
user_775,87,98
user_775,482,24
user_776,384,91
user_776,330,55
user_776,221,60
user_776,94,13
user_776,129,97
user_776,345,38
user_777,477,46
user_777,84,67
user_777,257,82
user_777,365,70
user_777,236,79
user_777,15,82
user_777,215,51
user_778,164,18
user_778,101,80
user_778,359,21
user_779,466,80
user_779,340,50
user_779,127,78
user_780,248,54
user_780,429,95
user_780,58,99
user_780,240,1
user_780,152,88
user_781,407,24
user_781,329,21
user_781,360,26
user_781,361,30
user_781,47,34
user_781,34,50
user_782,223,26
user_782,152,59
user_782,307,74
user_782,178,14
user_783,184,47
user_783,467,22
user_784,108,16
user_784,23,66
user_784,115,30
user_784,99,10
user_784,109,62
user_784,150,79
user_784,382,78
user_785,13,27
user_785,132,49
user_785,147,19
user_785,478,6
user_785,94,72
user_785,32,15
user_786,159,59
user_786,341,64
user_786,455,44
user_786,186,46
user_786,310,90
user_787,463,73
user_787,46,5
user_787,220,27
user_787,114,1
user_788,209,49
user_788,410,91
user_788,199,20
user_788,136,70
user_789,487,10
user_789,63,58
user_789,492,31
user_789,206,10
user_789,58,50
user_789,500,18
user_789,233,96
user_789,482,3
user_790,238,40
user_790,14,33
user_790,364,57
user_790,245,33
user_790,376,52
user_791,233,51
user_792,138,93
user_792,189,49
user_792,395,74
user_792,325,99
user_792,409,9
user_792,176,24
user_792,60,24
user_792,477,49
user_792,102,91
user_793,32,14
user_793,338,89
user_793,81,57
user_794,360,36
user_794,293,79
user_794,387,8
user_795,252,3
user_795,240,56
user_795,22,77
user_795,389,99
user_796,206,86
user_796,182,94
user_796,142,69
user_796,37,55
user_796,233,77
user_796,144,12
user_796,165,62
user_796,295,82
user_796,316,71
user_797,310,82
user_798,409,58
user_798,373,77
user_798,244,98
user_798,110,2
user_799,340,14
user_799,414,3
user_799,374,17
user_800,399,88
user_800,205,53
user_800,114,6
user_800,462,14
user_801,6,26
user_801,119,14
user_801,165,73
user_801,46,64
user_801,408,87
user_802,173,70
user_802,376,79
user_802,247,26
user_802,396,66
user_802,142,29
user_802,276,47
user_802,60,80
user_803,100,36
user_803,57,3
user_803,493,49
user_804,429,6
user_804,46,82
user_804,193,25
user_804,471,45
user_804,269,35
user_805,225,44
user_805,461,10
user_805,2,71
user_805,403,97
user_805,107,78
user_805,236,41
user_806,262,32
user_806,32,75
user_806,324,18
user_806,480,3
user_806,209,34
user_807,351,23
user_807,401,31
user_808,233,64
user_808,253,37
user_808,305,86
user_808,192,90
user_808,342,38
user_808,203,64
user_809,463,62
user_809,373,35
user_809,16,97
user_809,361,98
user_809,159,66
user_810,363,99
user_810,170,62
user_810,58,40
user_811,8,66
user_811,332,18
user_811,386,77
user_811,307,45
user_811,249,25
user_811,484,79
user_812,274,75
user_812,248,33
user_812,54,27
user_812,12,80
user_813,5,98
user_813,371,77
user_813,272,71
user_813,211,83
user_813,399,22
user_813,495,12
user_813,139,30
user_814,325,64
user_814,45,68
user_814,296,48
user_814,234,73
user_814,205,42
user_814,227,92
user_815,467,87
user_815,482,27
user_815,446,73
user_815,372,33
user_815,153,9
user_815,434,19
user_815,215,6
user_816,300,65
user_816,347,9
user_817,373,83
user_817,301,35
user_817,239,75
user_818,50,13
user_819,303,73
user_820,124,26
user_820,2,90
user_820,496,37
user_820,125,90
user_820,209,72
user_820,252,86
user_821,409,57
user_821,414,61
user_821,461,73
user_821,112,8
user_821,312,4
user_821,89,1
user_821,204,81
user_821,70,33
user_822,235,39
user_822,485,15
user_822,129,22
user_823,153,81
user_823,132,78
user_823,408,88
user_823,17,82
user_823,22,84
user_824,193,20
user_824,239,12
user_824,409,43
user_824,53,8
user_824,385,94
user_824,330,37
user_824,73,3
user_824,400,64
user_825,397,32
user_825,314,42
user_825,109,92
user_825,38,25
user_825,475,55
user_825,333,48
user_825,40,18
user_825,359,87
user_825,77,94
user_826,137,68
user_826,496,76
user_826,209,50
user_826,61,95
user_827,205,82
user_827,318,63
user_827,362,12
user_827,201,82
user_827,26,15
user_828,331,71
user_829,378,78
user_829,259,39
user_829,371,78
user_829,231,34
user_829,39,60
user_829,382,54
user_829,420,26
user_829,207,15
user_829,19,58
user_830,376,36
user_830,73,33
user_830,104,98
user_830,498,19
user_830,158,73
user_830,13,68
user_830,375,86
user_831,254,29
user_831,89,57
user_831,397,93
user_831,474,42
user_831,208,61
user_831,115,40
user_831,261,71
user_832,126,20
user_832,375,20
user_832,373,53
user_832,301,62
user_832,288,53
user_832,97,90
user_833,306,59
user_833,392,77
user_833,188,6
user_834,383,8
user_834,253,51
user_834,280,41
user_834,382,89
user_834,158,73
user_834,204,24
user_834,345,32
user_834,375,57
user_835,254,61
user_835,50,99
user_835,480,53
user_835,495,95
user_835,263,19
user_835,23,47
user_835,181,80
user_836,63,61
user_836,403,41
user_836,113,96
user_837,262,87
user_837,64,48
user_837,204,49
user_837,102,75
user_837,321,8
user_837,385,53
user_837,349,7
user_837,436,36
user_837,402,66
user_838,146,42
user_838,290,36
user_838,28,75
user_838,339,69
user_838,93,77
user_838,376,21
user_838,70,10
user_839,335,6
user_839,309,48
user_839,455,2
user_839,94,48
user_839,115,27
user_840,54,78
user_840,491,90
user_840,145,58
user_840,196,46
user_840,322,15
user_840,345,46
user_840,123,59
user_841,153,86
user_841,362,17
user_841,206,96
user_841,84,50
user_842,372,41
user_842,306,7
user_842,55,32
user_842,413,92
user_842,428,95
user_842,110,38
user_842,370,93
user_842,208,18
user_843,89,13
user_843,497,55
user_843,290,62
user_843,161,92
user_843,130,95
user_843,138,45
user_843,290,31
user_843,196,29
user_844,381,63
user_844,112,82
user_845,24,41
user_845,292,72
user_845,106,94
user_845,71,6
user_845,49,67
user_845,319,16
user_845,297,83
user_846,323,33
user_846,253,55
user_846,347,83
user_846,225,30
user_846,302,99
user_846,464,7
user_846,400,26
user_847,446,39
user_847,308,7
user_847,472,82
user_847,437,58
user_847,331,77
user_847,389,18
user_847,418,64
user_847,373,66
user_848,44,66
user_848,372,43
user_848,474,39
user_848,155,44
user_848,222,1
user_848,133,71
user_848,154,19
user_848,439,5
user_848,334,17
user_849,77,38
user_849,317,6
user_849,476,16
user_850,457,64
user_850,256,13
user_850,123,71
user_850,40,3
user_850,381,83
user_850,433,8
user_850,350,12
user_850,378,98
user_851,73,67
user_851,118,29
user_851,268,72
user_851,7,25
user_851,470,30
user_851,324,32
user_851,51,35
user_851,141,31
user_852,378,43
user_852,22,68
user_852,258,16
user_853,377,44
user_853,152,83
user_853,309,56
user_853,330,79
user_853,49,67
user_853,248,94
user_854,469,90
user_854,223,53
user_854,477,7
user_854,447,18
user_854,400,59
user_854,288,21
user_854,123,85
user_854,370,65
user_855,53,63
user_856,336,45
user_856,275,82
user_856,311,99
user_857,182,46
user_857,85,25
user_857,213,50
user_857,494,89
user_857,369,17
user_857,25,89
user_857,259,55
user_857,283,59
user_857,46,49
user_858,248,31
user_858,92,55
user_858,233,73
user_858,139,7
user_858,244,11
user_858,462,43
user_859,172,73
user_859,8,15
user_859,383,79
user_859,329,92
user_859,280,43
user_859,37,63
user_860,362,80
user_860,177,2
user_860,140,9
user_860,86,95
user_860,262,16
user_861,465,67
user_861,279,30
user_861,22,80
user_861,163,2
user_861,205,10
user_861,433,86
user_861,344,1
user_862,215,85
user_862,96,60
user_862,277,22
user_862,463,98
user_862,117,43
user_862,78,22
user_862,395,5
user_862,400,69
user_863,12,47
user_863,187,32
user_863,114,5
user_863,284,9
user_863,345,67
user_863,206,30
user_864,407,73
user_864,28,94
user_864,318,18
user_864,342,90
user_864,251,7
user_864,308,16
user_864,155,27
user_864,132,81
user_864,53,59
user_865,23,58
user_865,480,14
user_865,328,81
user_866,366,63
user_866,203,5
user_866,215,50
user_866,346,20
user_866,167,37
user_866,212,90
user_866,499,21
user_867,485,84
user_867,36,99
user_868,462,95
user_868,388,5
user_869,173,74
user_869,488,51
user_869,228,19
user_869,344,55
user_869,317,26
user_869,462,39
user_869,125,81
user_869,187,85
user_870,114,62
user_870,197,15
user_871,149,53
user_872,63,3
user_872,368,78
user_872,17,49
user_872,69,67
user_873,305,55
user_873,301,25
user_874,415,43
user_875,290,56
user_876,120,92
user_876,385,27
user_876,138,96
user_876,434,66
user_876,14,85
user_876,62,49
user_876,305,84
user_876,498,64
user_877,483,66
user_877,99,61
user_877,451,27
user_878,384,57
user_878,209,12
user_879,230,16
user_879,443,93
user_879,202,99
user_880,166,58
user_880,443,90
user_880,344,72
user_880,227,95
user_880,15,59
user_880,166,66
user_880,381,72
user_881,128,10
user_881,57,78
user_881,145,82
user_881,160,4
user_881,275,97
user_882,386,77
user_882,497,33
user_882,51,6
user_882,395,42
user_882,230,26
user_882,214,22
user_883,340,40
user_883,291,12
user_883,431,99
user_883,71,40
user_883,144,76
user_883,99,42
user_883,127,48
user_884,221,32
user_884,241,50
user_884,412,23
user_885,170,76
user_885,174,30
user_886,461,42
user_886,256,7
user_886,37,49
user_886,66,94
user_887,480,6
user_887,302,97
user_887,470,35
user_887,496,69
user_887,2,68
user_887,429,81
user_888,128,32
user_888,183,62
user_888,344,41
user_888,438,72
user_889,295,27
user_890,349,20
user_890,468,20
user_890,339,27
user_890,462,92
user_890,369,47
user_890,337,48
user_891,422,79
user_891,175,25
user_891,488,24
user_891,309,40
user_892,183,1
user_892,146,28
user_892,231,28
user_892,110,95
user_892,336,24
user_893,490,69
user_893,225,47
user_893,31,27
user_893,344,45
user_893,269,2
user_893,272,29
user_893,52,98
user_893,59,79
user_893,203,64
user_894,128,69
user_894,145,20
user_894,374,33
user_894,101,2
user_895,432,90
user_895,492,36
user_895,188,55
user_895,219,73
user_895,406,70
user_896,118,66
user_896,140,77
user_896,499,94
user_896,162,81
user_896,176,72
user_896,86,61
user_896,497,86
user_897,71,98
user_897,279,21
user_897,249,14
user_897,24,80
user_897,52,63
user_898,178,40
user_899,116,22
user_899,127,13
user_899,242,43
user_899,303,50
user_899,228,43
user_900,151,19
user_900,299,96
user_900,37,28
user_900,373,49
user_900,19,81
user_901,314,81
user_901,428,78
user_901,119,57
user_901,160,31
user_901,492,42
user_901,28,18
user_901,248,69
user_901,160,3
user_902,442,90
user_902,375,42
user_902,221,12
user_902,433,78
user_902,248,48
user_903,130,61
user_903,480,21
user_903,122,25
user_903,292,99
user_903,477,97
user_903,31,45
user_904,350,38
user_904,101,84
user_905,258,7
user_905,111,97
user_905,304,15
user_905,428,61
user_905,471,54
user_905,398,50
user_905,458,60
user_905,13,88
user_905,238,86
user_906,425,10
user_906,241,70
user_907,73,20
user_907,173,99
user_907,260,3
user_908,304,31
user_908,64,30
user_908,83,96
user_908,220,55
user_908,355,3
user_908,133,96
user_908,315,75
user_908,110,44
user_908,188,81
user_909,409,7
user_909,121,35
user_909,44,90
user_910,257,8
user_910,167,50
user_910,33,68
user_911,434,23
user_911,4,13
user_912,368,58
user_912,77,95
user_912,342,99
user_912,384,61
user_912,165,63
user_913,169,73
user_913,128,11
user_914,331,39
user_914,344,40
user_914,52,39
user_914,296,85
user_914,113,9
user_914,43,34
user_914,352,8
user_914,289,62
user_915,472,75
user_915,287,79
user_915,482,71
user_915,161,61
user_915,176,61
user_915,226,52
user_915,102,72
user_915,468,88
user_916,5,8
user_916,386,17
user_917,229,87
user_917,260,92
user_917,285,78
user_917,234,54
user_917,94,80
user_917,372,71
user_917,14,62
user_917,486,22
user_917,391,49
user_918,145,5
user_919,308,12
user_920,70,10
user_920,277,98
user_920,139,87
user_920,246,84
user_920,258,57
user_920,92,16
user_921,306,83
user_921,38,69
user_921,99,94
user_921,436,90
user_921,55,51
user_921,152,33
user_921,377,72
user_921,459,38
user_921,255,10
user_922,232,56
user_922,230,55
user_922,214,37
user_923,382,5
user_923,410,96
user_923,140,17
user_924,170,24
user_924,262,62
user_924,435,82
user_924,341,61
user_924,458,57
user_924,426,3
user_924,56,58
user_924,172,68
user_925,49,67
user_925,156,64
user_925,143,87
user_925,383,80
user_925,105,79
user_926,411,58
user_927,2,30
user_927,230,41
user_927,171,20
user_927,441,90
user_927,480,91
user_928,288,77
user_929,480,41
user_929,289,53
user_929,460,38
user_929,267,43
user_929,347,60
user_929,1,13
user_929,406,14
user_929,444,89
user_930,331,9
user_930,66,40
user_930,462,66
user_931,165,72
user_931,17,4
user_931,196,79
user_931,31,51
user_931,24,54
user_931,211,81
user_932,76,29
user_933,23,5
user_933,56,74
user_933,368,87
user_933,143,43
user_933,211,39
user_933,444,22
user_934,194,57
user_934,499,32
user_934,391,96
user_934,350,60
user_934,177,64
user_934,373,70
user_935,376,22
user_935,497,91
user_935,168,32
user_935,148,73
user_935,46,80
user_935,255,90
user_935,418,90
user_936,10,27
user_936,36,98
user_936,283,79
user_936,170,19
user_936,366,44
user_937,318,73
user_937,183,88
user_937,11,67
user_938,484,48
user_938,437,40
user_938,444,64
user_938,208,1
user_938,20,29
user_938,100,24
user_938,283,67
user_939,69,96
user_939,434,94
user_939,113,24
user_939,100,55
user_939,219,18
user_940,207,19
user_941,109,77
user_942,279,37
user_942,167,83
user_942,178,51
user_942,306,7
user_942,72,61
user_942,246,67
user_943,382,36
user_944,72,80
user_944,278,74
user_944,372,85
user_944,142,42
user_945,203,86
user_946,315,51
user_946,273,51
user_946,413,40
user_946,453,94
user_946,239,36
user_947,194,80
user_947,481,29
user_947,342,10
user_947,306,93
user_947,367,71
user_947,447,11
user_947,206,3
user_947,360,6
user_948,268,77
user_949,491,2
user_949,188,84
user_949,10,15
user_949,461,87
user_949,391,57
user_949,317,77
user_949,26,45
user_949,134,23
user_949,201,48
user_950,52,24
user_950,82,52
user_950,418,51
user_951,447,11
user_952,122,23
user_952,184,99
user_952,315,11
user_952,80,86
user_952,444,36
user_952,168,43
user_952,49,93
user_953,325,35
user_953,219,46
user_953,273,67
user_954,144,1
user_955,34,42
user_956,140,67
user_956,106,9
user_956,232,76
user_956,397,43
user_956,129,94
user_956,305,97
user_956,407,15
user_956,202,62
user_957,85,22
user_957,486,6
user_957,181,70
user_957,221,95
user_957,71,52
user_958,11,78
user_958,203,18
user_958,224,31
user_958,26,26
user_958,47,57
user_958,356,13
user_958,14,74
user_959,464,91
user_959,136,62
user_959,378,83
user_959,338,1
user_959,375,10
user_959,412,75
user_959,161,42
user_959,396,9
user_960,385,99
user_960,426,1
user_960,435,67
user_960,262,34
user_960,477,61
user_960,235,17
user_960,148,45
user_961,105,63
user_961,23,57
user_961,219,95
user_961,354,31
user_961,218,46
user_961,35,95
user_962,21,24
user_962,147,59
user_963,199,59
user_963,99,56
user_963,163,51
user_963,22,74
user_963,411,80
user_963,244,63
user_963,415,87
user_963,25,94
user_963,485,24
user_964,280,29
user_964,481,55
user_964,401,48
user_964,443,9
user_964,265,28
user_964,152,13
user_964,383,8
user_965,276,91
user_965,58,52
user_965,452,78
user_965,387,52
user_965,248,42
user_965,450,79
user_965,405,55
user_965,32,66
user_965,308,13
user_966,269,86
user_966,422,36
user_966,124,31
user_967,339,22
user_967,252,55
user_967,477,19
user_967,100,26
user_967,7,86
user_967,235,76
user_967,106,62
user_967,196,86
user_968,402,65
user_969,419,64
user_969,180,5
user_969,480,11
user_969,48,61
user_969,451,34
user_969,30,87
user_969,10,85
user_969,79,96
user_969,426,16
user_970,63,6
user_970,50,63
user_970,185,41
user_970,225,11
user_970,125,61
user_970,275,93
user_970,190,48
user_971,471,26
user_971,452,5
user_971,3,32
user_971,201,76
user_971,40,11
user_971,495,29
user_971,373,70
user_972,435,17
user_973,203,44
user_973,415,97
user_973,25,43
user_973,16,14
user_973,266,77
user_973,253,85
user_973,384,5
user_973,249,91
user_973,348,68
user_974,192,88
user_974,254,16
user_974,71,73
user_974,64,99
user_974,70,14
user_974,45,4
user_975,310,31
user_975,172,86
user_975,282,44
user_975,95,97
user_975,38,38
user_975,463,20
user_975,179,66
user_975,195,55
user_975,471,41
user_976,71,30
user_976,285,39
user_976,428,8
user_976,500,50
user_976,319,60
user_976,317,41
user_976,134,46
user_977,177,27
user_977,245,37
user_977,394,95
user_977,419,81
user_977,112,18
user_978,369,90
user_978,476,74
user_978,381,70
user_978,489,23
user_978,415,12
user_978,274,61
user_978,48,1
user_979,380,22
user_979,333,1
user_979,484,72
user_979,45,90
user_980,424,91
user_980,312,66
user_981,55,69
user_981,101,69
user_982,333,17
user_982,480,36
user_982,473,26
user_982,186,36
user_982,371,34
user_982,408,53
user_982,198,89
user_982,311,23
user_983,193,75
user_983,80,16
user_983,293,92
user_983,100,26
user_983,176,27
user_983,406,50
user_983,451,1
user_983,215,55
user_983,58,44
user_984,400,48
user_984,277,21
user_984,133,42
user_984,309,56
user_985,388,69
user_985,33,93
user_985,402,65
user_985,262,69
user_985,332,38
user_985,453,20
user_985,89,43
user_985,136,54
user_985,11,85
user_986,448,71
user_986,354,84
user_987,94,66
user_987,419,34
user_988,92,89
user_988,169,91
user_988,325,90
user_988,288,54
user_988,341,59
user_989,140,63
user_989,292,45
user_989,384,14
user_989,471,73
user_989,96,78
user_990,202,37
user_990,281,45
user_990,459,30
user_990,39,17
user_991,464,89
user_991,186,1
user_991,367,76
user_991,360,50
user_991,442,78
user_991,403,58
user_991,121,28
user_992,222,90
user_992,376,23
user_992,50,3
user_992,181,54
user_992,243,71
user_993,453,13
user_993,308,3
user_993,12,47
user_993,490,85
user_993,324,81
user_993,235,56
user_994,72,22
user_994,34,59
user_994,196,88
user_994,304,69
user_994,316,3
user_995,416,27
user_995,455,10
user_996,65,27
user_996,111,1
user_996,453,98
user_996,23,39
user_996,147,7
user_996,298,1
user_996,148,37
user_997,173,3
user_997,305,69
user_997,312,9
user_997,366,67
user_997,498,34
user_997,228,64
user_997,378,88
user_997,463,14
user_998,247,34
user_998,347,12
user_998,259,5
user_998,281,36
user_998,98,52
user_998,52,55
user_999,246,34
user_999,22,34
user_999,59,12
user_999,7,40
user_999,495,46
user_999,323,16
user_1000,170,44
